signalId,date open,date closed,coin,exchange,direction,leverage,avgEntryPrice,avgTpValue,maxReachedEntry,maxReachedTp,pnl,allocatedAmount,spentAmount,realizedProfit,unrealizedProfit,totalProfit,status,EP1,EP2,TP1,TP2,TP3,TP4,TP5,stopLoss,TP Pot. Profit 1,TP Pot. Profit 2,TP Pot. Profit 3,TP Pot. Profit 4,TP Pot. Profit 5,potentialLoss
KSM/USDT:LONG:21.4,"01/02/2023, 11:26:13 PM","01/03/2023, 03:52:00 PM",KSM/USDT,,LONG,10,22.75,0,1,1,5.329,100,100,5.329,0,5.329,closed,22.75,,23.16,23.84,26.17,,,21.4,18.022,47.912,150.33,,,-59.341
OP/USDT:LONG:0.826,"01/03/2023, 03:37:21 PM","01/06/2023, 11:53:00 AM",OP/USDT,,LONG,5,0.981,0,1,2,14.517,100,100,14.517,0,14.517,closed,0.981,0.875,0.999,1.033,1.19,,,0.826,9.174,26.504,106.524,,,-79.001
XRP/USDT:LONG:0.31,"01/04/2023, 10:39:26 AM","01/09/2023, 09:13:00 PM",XRP/USDT,,LONG,5,0.35,0,1,1,2.655,100,100,2.655,0,2.655,closed,0.35,0.326,0.355,0.373,0.43,,,0.31,8.005,32.733,114.637,,,-56.89
SOL/USDT:SHORT:15.2,"01/04/2023, 04:30:10 PM","01/06/2023, 05:56:00 PM",SOL/USDT,,SHORT,5,13.28,0,1,1,7.729,100,100,7.729,0,7.729,closed,13.28,14.2,12.791,11.112,10.189,,,15.2,18.411,81.627,116.378,,,-72.289
REN/USDT:LONG:0.06,"01/08/2023, 07:23:20 PM","01/08/2023, 09:03:00 PM",REN/USDT,,LONG,10,0,0,0,0,0,100,0,0,0,0,closed,0.063,0.061,0.064,0.066,0.074,0.075,,0.06,15.873,47.619,166.667,190.476,,-47.619
MATIC/USDT:LONG:0.735,"01/08/2023, 09:26:52 PM","01/14/2023, 01:38:00 AM",MATIC/USDT,,LONG,10,0.814,0,1,3,81.657,100,100,81.657,0,81.657,closed,0.814,0.753,0.829,0.856,0.95,,,0.735,18.796,51.966,167.076,,,-97.052
TRB/USDT:LONG:11.55,"01/09/2023, 11:07:36 PM","01/11/2023, 04:21:00 AM",TRB/USDT,,LONG,10,13.2,0,1,1,4.439,100,100,4.439,0,4.439,closed,13.2,11.98,13.5,14.3,15.3,15.8,17,11.55,22.727,83.333,159.091,196.97,287.879,-125
AVAX/USDT::11.3,"01/10/2023, 10:36:11 AM","01/10/2023, 02:35:00 PM",AVAX/USDT,,LONG,10,12.4,0,1,0,-0.645,100,100,-0.645,0,-0.645,closed,12.4,11.51,12.7,13.35,14.01,18,,11.3,24.194,76.613,129.839,451.613,,-88.71
AVAX/USDT::11.3,"01/10/2023, 09:07:45 PM","01/11/2023, 07:18:00 PM",AVAX/USDT,,LONG,5,12.73,0,1,1,2.434,100,100,2.434,0,2.434,closed,12.73,11.51,13,13.35,14.01,18,,11.3,10.605,24.352,50.275,206.991,,-56.167
ALGO/USDT:SHORT:0.21,"01/11/2023, 05:54:47 PM","01/11/2023, 07:14:00 PM",ALGO/USDT,,SHORT,5,0.198,0,1,0,-2.528,100,100,-2.528,0,-2.528,closed,0.198,0.207,0.196,0.192,0.181,,,0.21,5.056,14.914,42.973,,,-30.839
EGLD/USDT:SHORT:43.57,"01/19/2023, 12:32:43 PM","01/20/2023, 09:11:00 PM",EGLD/USDT,,SHORT,5,39.71,0,1,0,-32.108,100,100,-32.108,0,-32.108,closed,39.71,42.24,39.2,37.78,35.97,,,43.57,6.422,24.301,47.091,,,-48.602
GTCUSDT:LONG:1.32,"01/19/2023, 09:16:23 PM","02/18/2023, 06:08:00 PM",GTCUSDT,,LONG,3,1.47,0,1,3,83.413,100,100,83.413,-0,83.413,closed,1.47,1.398,1.55,1.75,2.3,,,1.32,16.327,57.143,169.388,,,-30.612
EOS/USDT:LONG:1.006,"01/20/2023, 09:26:32 PM","01/21/2023, 03:33:00 AM",EOS/USDT,,LONG,10,1.022,0,1,1,30.225,100,100,30.225,0,30.225,closed,1.022,,1.054,,,,,1.006,31.311,,,,,-15.656
THETA/USDT:LONG:0.906,"01/23/2023, 07:48:47 AM","01/29/2023, 01:18:00 AM",THETA/USDT,,LONG,5,1.062,0,1,1,6.78,100,100,6.78,0,6.78,closed,1.062,0.963,1.124,1.281,1.629,2.5,,0.906,29.19,103.107,266.949,677.024,,-73.446
LTC/USDT:LONG:81.29,"01/26/2023, 03:14:00 PM","01/30/2023, 11:04:00 AM",LTC/USDT,,LONG,3,89.6,0,1,2,8.5,100,100,8.5,0,8.5,closed,89.6,83,91,94,100,,,81.29,4.688,14.732,34.821,,,-27.824
ONE/USDT:LONG:0.0205,"02/01/2023, 10:43:57 PM","02/01/2023, 11:38:00 PM",ONE/USDT,,LONG,3,0.024,0,1,1,2.425,100,100,2.425,0,2.425,closed,0.024,0.021,0.025,0.028,0.033,,,0.021,7.095,51.909,114.523,,,-44.813
KAVA/USDT:LONG:0.872,"02/02/2023, 12:57:18 PM","02/02/2023, 10:30:00 PM",KAVA/USDT,,LONG,4,1.026,0,1,1,4.26,100,100,4.26,0,4.26,closed,1.026,0.912,1.047,1.143,1.6,,,0.872,8.187,45.614,223.782,,,-60.039
LDOUSDT:LONG:1.6644,"02/07/2023, 05:16:15 AM","02/08/2023, 05:24:00 PM",LDOUSDT,,LONG,2,2.289,0,1,2,9.697,100,100,9.697,0,9.697,closed,2.289,1.838,2.352,2.543,2.831,3.5,,1.664,5.487,22.21,47.302,105.797,,-54.58
LITUSDT:LONG:0.924,"02/09/2023, 04:19:18 PM","02/12/2023, 06:10:00 AM",LITUSDT,,LONG,2,1.246,0,1,2,17.332,100,100,17.332,0,17.332,closed,1.246,0.976,1.284,1.385,2.66,,,0.924,6.1,22.311,226.966,,,-51.685
LITUSDT:LONG:0.924,"02/14/2023, 04:00:54 PM","02/28/2023, 08:46:00 AM",LITUSDT,,LONG,5,1.163,0,1,2,39.363,100,100,39.363,0,39.363,closed,1.163,0.976,1.193,1.385,2.66,,,0.924,12.898,95.443,643.594,,,-102.752
GTCUSDT:LONG:1.6,"02/15/2023, 07:30:10 AM","02/18/2023, 06:06:00 PM",GTCUSDT,,LONG,5,1.838,0,1,3,55.712,100,100,55.712,0,55.712,closed,1.838,1.65,1.878,1.96,2.3,,,1.6,10.881,33.188,125.68,,,-64.744
VETUSDT:LONG:0.02168,"03/05/2023, 11:59:10 AM","03/07/2023, 01:49:00 PM",VETUSDT,,LONG,5,0.025,0,1,0,-23.176,100,100,-23.176,0,-23.176,closed,0.025,0.023,0.025,0.027,0.032,,,0.022,9.069,41.919,137.445,,,-63.079
XRPUSDT:SHORT:0.4162,"03/09/2023, 07:51:19 PM","03/13/2023, 04:21:00 PM",XRPUSDT,,SHORT,5,0.387,0,1,2,15.862,100,100,15.862,0,15.862,closed,0.387,0.403,0.38,0.367,0.333,,,0.416,8.926,25.356,68.823,,,-38.422
BNBUSDT:SHORT:333,"03/09/2023, 07:57:51 PM","03/12/2023, 11:18:00 PM",BNBUSDT,,SHORT,2,284,0,1,1,1.17,100,100,1.17,0,1.17,closed,284,323,278.6,259,240,220,200,333,3.803,17.606,30.986,45.07,59.155,-34.507
LQTYUSDT:LONG:1.9322,"03/13/2023, 07:18:03 AM","03/13/2023, 10:39:00 AM",LQTYUSDT,,LONG,5,2.32,0,1,1,4.17,100,100,4.17,0,4.17,closed,2.32,1.99,2.35,2.5,3,,,1.932,6.466,38.793,146.552,,,-83.578
ONEUSDT:LONG:0.01465,"03/13/2023, 04:09:27 PM","03/13/2023, 08:25:00 PM",ONEUSDT,,LONG,3,0.019,0,1,1,1.163,100,100,1.163,0,1.163,closed,0.019,0.015,0.019,0.021,0.028,,,0.015,5.526,29.368,140.842,,,-68.684
ONEUSDT:LONG:0.01465,"03/14/2023, 01:32:15 PM","03/15/2023, 04:52:00 PM",ONEUSDT,,LONG,3,0.019,0,1,1,11.212,100,100,11.212,0,11.212,closed,0.019,0.015,0.021,0.028,,,,0.015,22.577,131.753,,,,-73.454
SOLUSDT:LONG:18.4,"03/14/2023, 01:47:11 PM","03/14/2023, 02:19:00 PM",SOLUSDT,,LONG,3,21.5,0,1,1,1.796,100,100,1.796,0,1.796,closed,21.5,18.892,21.9,25,30,,,18.4,5.581,48.837,118.605,,,-43.256
ARPAUSDT:LONG:0.0327,"03/14/2023, 01:57:30 PM","03/14/2023, 08:15:00 PM",ARPAUSDT,,LONG,3,0.037,0,1,1,4.839,100,100,4.839,0,4.839,closed,0.037,0.033,0.038,0.06,,,,0.033,11.595,186.486,,,,-34.865
GMTUSDT:SHORT:0.4433,"03/14/2023, 10:18:14 PM","03/17/2023, 10:44:00 PM",GMTUSDT,,SHORT,3,0.4,0,1,1,17.055,100,100,17.055,0,17.055,closed,0.4,,0.359,0.296,,,,0.443,30.6,78.375,,,,-32.475
LQTYUSDT:LONG:2.48,"03/16/2023, 12:02:50 PM","03/19/2023, 12:46:00 AM",LQTYUSDT,,LONG,5,3.02,0,1,0,-89.404,100,100,-89.404,0,-89.404,closed,3.02,2.58,3.3,,,,,2.48,46.358,,,,,-89.404
MANAUSDT:LONG:0.5318,"03/18/2023, 02:18:51 AM","03/18/2023, 09:12:00 AM",MANAUSDT,,LONG,2,0.649,0,1,1,2.425,100,100,2.425,0,2.425,closed,0.649,0.562,0.668,0.696,0.851,,,0.532,5.763,14.453,62.219,,,-36.117
DOGEUSDT:LONG:0.06,"03/18/2023, 02:25:56 AM","03/20/2023, 05:59:00 PM",DOGEUSDT,,LONG,2,0.078,0,1,0,-14.52,100,100,-14.52,0,-14.52,closed,0.078,0.066,0.08,0.09,0.14,,,0.06,4.558,30.192,158.515,,,-46.351
NEARUSDT:SHORT:2.1,"03/22/2023, 08:43:27 PM","03/23/2023, 06:06:00 PM",NEARUSDT,,SHORT,2,1.91,0,1,0,-16.963,100,100,-16.963,0,-16.963,closed,1.91,2.041,1.863,1.5,,,,2.1,4.921,42.932,,,,-19.895
BNBUSDT:SHORT:362,"03/27/2023, 05:05:00 PM","04/04/2023, 08:50:00 AM",BNBUSDT,,SHORT,2,311,0,1,1,3.546,100,100,3.546,0,3.546,closed,311,344,300,286,250,,,362,7.074,16.077,39.228,,,-32.797
HBARUSDT:SHORT:0.074,"04/03/2023, 10:16:13 PM","04/05/2023, 02:43:00 AM",HBARUSDT,,SHORT,5,0.067,0,1,0,-5.134,100,100,-5.134,0,-5.134,closed,0.067,0.073,0.066,0.064,0.059,,,0.074,11.235,23.065,62.872,,,-50.595
GMTUSDT:LONG:0.349,"04/05/2023, 02:41:20 AM","04/05/2023, 08:00:00 AM",GMTUSDT,,LONG,5,0,0,0,0,0,100,0,0,0,0,closed,0.382,0.359,0.389,0.4,0.42,,,0.349,9.83,24.246,50.459,,,-42.595
ETHUSDT:LONG:1681,"04/05/2023, 03:08:25 AM","04/19/2023, 11:22:00 PM",ETHUSDT,,LONG,5,1911,0,1,2,12.44,100,100,12.44,0,12.44,closed,1911,1735,1948,2000,2200,2400,,1681,9.681,23.286,75.615,127.943,,-60.178
FLMUSDT:LONG:0.086,"04/06/2023, 11:02:48 AM","04/06/2023, 02:05:00 PM",FLMUSDT,,LONG,3,0.104,0,1,1,1.214,100,100,1.214,0,1.214,closed,0.104,0.089,0.107,0.113,0.135,0.15,,0.086,6.328,25.024,88.303,131.448,,-52.637
HBARUSDT:LONG:0.057,"04/06/2023, 11:08:14 PM","04/12/2023, 06:52:00 AM",HBARUSDT,,LONG,3,0.065,0,1,0,-8.94,100,100,-8.94,0,-8.94,closed,0.065,0.059,0.067,0.072,0.08,,,0.057,6.498,32.304,68.664,,,-37.327
AVAXUSDT:SHORT:18.445,"04/07/2023, 01:42:36 PM","04/09/2023, 11:48:00 PM",AVAXUSDT,,SHORT,3,17.6,0,1,1,2.156,100,100,2.156,0,2.156,closed,17.6,18.045,17.245,16.384,15.336,13.907,,18.445,6.051,20.727,38.591,62.949,,-14.403
AGIXUSDT:SHORT:0.43,"04/08/2023, 02:56:58 AM","04/08/2023, 01:05:00 PM",AGIXUSDT,,SHORT,3,0.391,0,1,0,-1.687,100,100,-1.687,0,-1.687,closed,0.391,0.42,0.387,0.352,0.29,,,0.43,3.442,30.13,77.664,,,-29.67
IDUSDT:SHORT:0.46286,"04/09/2023, 11:48:49 AM","04/10/2023, 01:13:00 PM",IDUSDT,,SHORT,10,0.435,0,1,0,-53.079,100,100,-53.079,0,-53.079,closed,0.435,0.458,0.43,0.393,0.2,,,0.463,10.869,97.725,540.441,,,-63.557
EGLDUSDT:LONG:39.3,"04/09/2023, 09:26:57 PM","04/10/2023, 12:48:00 AM",EGLDUSDT,,LONG,12,40.28,0,1,1,3.362,100,100,3.362,0,3.362,closed,40.28,39.75,40.53,41.29,42.39,,,39.3,7.448,30.089,62.86,,,-29.196
AXSUSDT:LONG:8.3,"04/10/2023, 06:57:49 PM","04/12/2023, 03:47:00 AM",AXSUSDT,,LONG,10,8.51,0,1,1,5.94,100,100,5.94,0,5.94,closed,8.51,,8.66,8.85,9,,,8.3,17.626,39.953,57.579,,,-24.677
CFXUSDT:LONG:0.345,"04/10/2023, 09:26:03 PM","04/10/2023, 10:20:00 PM",CFXUSDT,,LONG,3,0.42,0,1,1,1.365,100,100,1.365,0,1.365,closed,0.42,0.36,0.43,0.47,0.72,1.2,,0.345,7.509,36.114,214.899,558.164,,-53.278
ACHUSDT:LONG:0.03675,"04/10/2023, 09:46:39 PM","04/11/2023, 02:59:00 AM",ACHUSDT,,LONG,3,0.043,0,1,1,0.975,100,100,0.975,0,0.975,closed,0.043,0.038,0.044,0.046,0.051,0.08,,0.037,5.939,15.608,54.282,252.486,,-46.202
CFXUSDT:LONG:0.345,"04/11/2023, 12:30:55 PM","04/11/2023, 01:06:00 PM",CFXUSDT,,LONG,3,0.428,0,1,1,0.266,100,100,0.266,0,0.266,closed,0.428,0.36,0.43,0.47,0.72,1.2,,0.345,1.402,29.439,204.673,541.121,,-58.178
ETH/USDT:Long:1952,"04/13/2023, 11:31:55 AM","04/13/2023, 12:12:00 PM",ETH/USDT,,LONG,10,1984,0,1,0,-2.535,100,100,-2.535,0,-2.535,closed,1984,,2050,,,,,1952,33.266,,,,,-16.129
ATOM/USDT:Long:10.6,"04/13/2023, 02:25:12 PM","04/19/2023, 10:13:00 AM",ATOM/USDT,,LONG,5,11.67,0,1,2,14.211,100,100,14.211,0,14.211,closed,11.67,10.9,11.86,12.37,13.3,,,10.6,8.141,29.991,69.837,,,-45.844
HBAR/USDT:Long:0.0559,"04/13/2023, 08:22:41 PM","04/14/2023, 05:04:00 PM",HBAR/USDT,,LONG,5,0.067,0,1,1,3.922,100,100,3.922,0,3.922,closed,0.067,0.059,0.068,0.071,0.1,,,0.056,9.989,33.273,251.089,,,-80.141
OPUSDT:LONG:2.4125,"04/13/2023, 08:43:41 PM","04/14/2023, 03:13:00 AM",OPUSDT,,LONG,10,2.475,0,1,1,18.847,100,100,18.847,0,18.847,closed,2.475,,2.509,,,,,2.413,13.535,,,,,-25.253
JOE/USDT:Long:0.62,"04/13/2023, 09:23:52 PM","04/14/2023, 09:50:00 AM",JOE/USDT,,LONG,5,0.696,0,1,0,-38.782,100,100,-38.782,0,-38.782,closed,0.696,0.65,0.71,1.1,,,,0.62,9.911,290.003,,,,-54.726
XRP/USDT:Long:0.48,"04/16/2023, 09:12:33 PM","04/19/2023, 08:46:00 AM",XRP/USDT,,LONG,5,0.523,0,1,1,4.376,100,100,4.376,0,4.376,closed,0.523,0.495,0.531,0.56,0.7,,,0.48,6.974,34.964,168.705,,,-41.46
BNX/USDT:Long:0.62,"04/18/2023, 12:09:18 PM","04/18/2023, 12:24:00 PM",BNX/USDT,,LONG,5,0,0,0,0,0,100,0,0,0,0,closed,0.673,0.64,0.683,0.7,0.9,,,0.62,7.429,20.059,168.648,,,-39.376
DOT/USDT:Long:6.4,"04/18/2023, 01:42:32 PM","04/19/2023, 10:22:00 AM",DOT/USDT,,LONG,5,6.954,0,1,0,-39.833,100,100,-39.833,0,-39.833,closed,6.954,6.6,7,7.5,10,,,6.4,3.307,39.258,219.011,,,-39.833
YFI/USDT:Short:8500,"04/25/2023, 06:50:30 PM","04/26/2023, 01:06:00 PM",YFI/USDT,,SHORT,3,7786,0,1,0,-20.344,100,100,-20.344,0,-20.344,closed,7786,8300,7640,7477,6500,,,8500,5.625,11.906,49.55,,,-27.511
MATIC/USDT:LONG:0.9758,"04/25/2023, 11:17:11 PM","04/25/2023, 11:23:00 PM",MATIC/USDT,,LONG,5,0.995,0,1,2,2.978,100,100,2.978,0,2.978,closed,0.995,,1.001,1.005,1.18,,,0.976,3.419,5.128,93.263,,,-9.402
HBAR/USDT:LONG:0.053,"04/26/2023, 09:00:21 AM","04/26/2023, 09:32:00 PM",HBAR/USDT,,LONG,5,0.061,0,1,1,3.198,100,100,3.198,0,3.198,closed,0.061,0.056,0.062,0.068,0.073,,,0.053,8.197,57.377,98.361,,,-65.574
GMT/USDT:LONG:0.2738,"04/26/2023, 12:13:20 PM","04/30/2023, 02:55:00 AM",GMT/USDT,,LONG,3,0.334,0,1,1,3.378,100,100,3.378,0,3.378,closed,0.334,0.294,0.345,0.36,0.47,,,0.274,9.431,23.353,122.156,,,-54.072
FTM/USDT:LONG:0.37,"04/27/2023, 10:49:28 PM","05/08/2023, 07:01:00 PM",FTM/USDT,,LONG,3,0.432,0,1,0,-42.758,100,100,-42.758,0,-42.758,closed,0.432,0.388,0.453,0.47,0.52,,,0.37,14.739,26.767,61.53,,,-42.758
ARB/USDT:LONG:1.27,"05/03/2023, 09:17:15 PM","05/04/2023, 03:39:00 PM",ARB/USDT,,LONG,7,1.325,0,1,1,3.249,100,100,3.249,0,3.249,closed,1.325,1.29,1.345,1.39,1.47,,,1.27,10.566,34.34,76.604,,,-29.057
SOL/USDT:LONG:20.27,"05/05/2023, 06:35:18 PM","05/06/2023, 10:01:00 AM",SOL/USDT,,LONG,4,22.53,0,1,1,1.076,100,100,1.076,0,1.076,closed,22.53,20.7,22.8,23.83,25.36,,,20.27,4.794,23.08,50.244,,,-40.124
XRP/USDT:SHORT:0.4863,"05/06/2023, 04:16:48 PM","05/17/2023, 02:13:00 AM",XRP/USDT,,SHORT,5,0.455,0,1,2,20.959,100,100,20.959,0,20.959,closed,0.455,0.48,0.446,0.419,0.34,,,0.486,9.131,38.834,125.963,,,-34.983
ADA/USDT:SHORT:0.3989,"05/08/2023, 07:18:35 AM","05/09/2023, 03:05:00 AM",ADA/USDT,,SHORT,5,0.369,0,1,1,4.54,100,100,4.54,0,4.54,closed,0.369,0.393,0.36,0.33,0.309,,,0.399,11.666,52.36,80.304,,,-41.101
SXP/USDT:SHORT:0.477,"05/10/2023, 12:31:06 PM","05/10/2023, 02:17:00 PM",SXP/USDT,,SHORT,3,0.42,0,1,0,1.856,100,100,1.856,0,1.856,closed,0.42,0.466,0.41,0.28,0.24,,,0.477,7.352,100.143,128.694,,,-40.471
MANA/USDT:SHORT:0.495,"05/11/2023, 04:54:50 PM","05/12/2023, 11:11:00 PM",MANA/USDT,,SHORT,4,0.452,0,1,1,3.631,100,100,3.631,0,3.631,closed,0.452,0.486,0.443,0.385,0.3,,,0.495,8.407,59.292,134.513,,,-38.053
MASK/USDT:LONG:3.6,"05/15/2023, 09:36:11 AM","05/18/2023, 05:18:00 PM",MASK/USDT,,LONG,7,3.871,0,1,3,76.076,100,100,76.076,0,76.076,closed,3.871,3.68,3.98,4.3,4.6,,,3.6,19.711,77.577,131.826,,,-49.005
EGLD/USDT:LONG:34.71,"05/17/2023, 07:58:02 PM","06/05/2023, 03:13:00 AM",EGLD/USDT,,LONG,6,37.44,0,1,1,3.38,100,100,3.38,0,3.38,closed,37.44,35.59,38.14,39.12,43,,,34.71,11.218,26.923,89.103,,,-43.75
ALGO/USDT:SHORT:0.1766,"05/24/2023, 06:28:54 PM","06/10/2023, 06:24:00 AM",ALGO/USDT,,SHORT,3,0.155,0,1,3,49.872,100,100,49.872,-0,49.872,closed,0.155,0.171,0.152,0.142,0.1,,,0.177,5.806,25.742,106.452,,,-41.806
ADA/USDT:SHORT:0.38,"05/26/2023, 10:58:44 AM","05/28/2023, 01:19:00 PM",ADA/USDT,,SHORT,7,0.358,0,1,0,-39.497,100,100,-39.497,0,-39.497,closed,0.358,0.371,0.354,0.309,0.253,,,0.38,7.039,96.397,204.721,,,-43.017
FTM/USDT:LONG:0.316,"05/28/2023, 01:23:10 PM","05/31/2023, 07:01:00 AM",FTM/USDT,,LONG,7,0.34,0,1,0,-49.412,100,100,-49.412,0,-49.412,closed,0.34,0.32,0.365,0.39,,,,0.316,51.471,102.941,,,,-49.412
ALGO/USDT:LONG:0.148,"05/28/2023, 08:38:23 PM","05/31/2023, 06:48:00 AM",ALGO/USDT,,LONG,10,0.152,0,1,0,-28.234,100,100,-28.234,0,-28.234,closed,0.152,0.148,0.155,0.16,0.2,,,0.148,17.728,50.558,313.198,,,-28.234
HBAR/USDT:LONG:0.0492,"05/29/2023, 12:18:02 AM","06/05/2023, 05:19:00 PM",HBAR/USDT,,LONG,8,0.054,0,1,0,-69.759,100,100,-69.759,0,-69.759,closed,0.054,0.05,0.055,0.058,0.06,,,0.049,14.545,64.712,90.538,,,-69.759
DOT/USDT:LONG:5.1,"05/29/2023, 12:29:20 AM","06/05/2023, 05:25:00 PM",DOT/USDT,,LONG,3,5.548,0,1,0,-18.006,100,100,-18.006,0,-18.006,closed,5.548,5.195,5.67,5.8,7,,,5.1,6.597,13.627,78.515,,,-24.225
OP/USDT:SHORT:1.4207,"05/31/2023, 01:44:54 PM","05/31/2023, 09:38:00 PM",OP/USDT,,SHORT,10,1.376,0,1,0,-3.997,100,100,-3.997,0,-3.997,closed,1.376,,1.331,1.255,,,,1.421,32.485,87.936,,,,-32.485
SOL/USDT:SHORT:21.61,"05/31/2023, 04:22:06 PM","06/04/2023, 08:45:00 AM",SOL/USDT,,SHORT,6,20.45,0,1,0,-34.034,100,100,-34.034,0,-34.034,closed,20.45,21.3,20.06,19.49,17.61,,,21.61,11.443,28.166,83.325,,,-34.034
AVAX/USDT:LONG:13.526,"06/01/2023, 01:00:18 AM","06/05/2023, 05:52:00 PM",AVAX/USDT,,LONG,6,14.095,0,1,2,11.688,100,100,11.688,0,11.688,closed,14.095,13.652,14.309,14.578,15,,,13.526,9.11,20.56,38.524,,,-24.221
KEY/USDT:LONG:0.007127,"06/04/2023, 04:49:55 PM","06/05/2023, 01:50:00 PM",KEY/USDT,,LONG,6,0.008,0,1,1,1.882,100,100,1.882,0,1.882,closed,0.008,0.007,0.008,0.009,0.01,,,0.007,3.191,72.854,182.477,,,-58.572
MATIC/USDT:SHORT:0.8449,"06/06/2023, 12:34:36 AM","06/06/2023, 06:52:00 AM",MATIC/USDT,,SHORT,10,0.833,0,1,1,4.836,100,100,4.836,0,4.836,closed,0.833,,0.826,0.824,,,,0.845,7.688,10.691,,,,-14.895
ONEUSDT:LONG:0.01228,"06/06/2023, 04:18:41 PM","06/07/2023, 03:37:00 AM",ONEUSDT,,LONG,5,0.013,0,1,1,4.394,100,100,4.394,0,4.394,closed,0.013,0.013,0.013,0.014,0.016,,,0.012,11.814,28.582,109.756,,,-32.012
BNBUSDT:LONG:260,"06/06/2023, 04:21:30 PM","06/07/2023, 05:30:00 AM",BNBUSDT,,LONG,6,277.8,0,1,1,3.653,100,100,3.653,0,3.653,closed,277.8,,283,312,344,,,260,11.231,73.866,142.981,,,-38.445
SOLUSDT:LONG:19.05,"06/06/2023, 10:05:02 PM","06/07/2023, 12:01:00 PM",SOLUSDT,,LONG,5,20.61,0,1,0,-22.902,100,100,-22.902,0,-22.902,closed,20.61,19.41,21.1,22.1,25,,,19.05,11.887,36.148,106.502,,,-37.846
XRPUSDT:SHORT:0.5408,"06/07/2023, 04:49:14 PM","06/07/2023, 05:05:00 PM",XRPUSDT,,SHORT,5,0.522,0,1,1,1.589,100,100,1.589,0,1.589,closed,0.522,,0.52,0.478,0.44,,,0.541,2.106,42.321,78.705,,,-17.809
MATIC/USDT:SHORT:0.7834,"06/07/2023, 07:32:37 PM","06/08/2023, 05:30:00 AM",MATIC/USDT,,SHORT,10,0.768,0,1,2,18.69,100,100,18.69,0,18.69,closed,0.768,,0.759,0.756,,,,0.783,11.713,15.877,,,,-19.521
MATIC/USDT:SHORT:0.7834,"06/07/2023, 07:32:40 PM","06/08/2023, 05:30:00 AM",MATIC/USDT,,SHORT,10,0.768,0,1,2,18.69,100,100,18.69,0,18.69,closed,0.768,,0.759,0.756,,,,0.783,11.713,15.877,,,,-19.521
LDOUSDT:SHORT:2.7,"06/09/2023, 10:02:12 PM","07/01/2023, 12:29:00 PM",LDOUSDT,,SHORT,5,2.181,0,1,2,21.614,100,100,21.614,0,21.614,closed,2.181,2.23,2.14,2,1.6,,,2.7,9.399,41.495,133.196,,,-118.982
SANDUSDT:SHORT:0.4981,"06/09/2023, 10:04:58 PM","06/10/2023, 06:23:00 AM",SANDUSDT,,SHORT,5,0.47,0,1,3,46.855,100,100,46.855,0,46.855,closed,0.47,0.49,0.46,0.44,0.4,,,0.498,10.638,31.915,74.468,,,-29.894
AVAXUSDT:SHORT:14.4,"06/10/2023, 01:44:24 AM","06/10/2023, 06:25:00 AM",AVAXUSDT,,SHORT,10,13.72,0,1,3,120.47,100,100,120.47,0,120.47,closed,13.72,14.19,13.55,12.6,10.9,,,14.4,12.391,81.633,205.539,,,-49.563
SUIUSDT:LONG:0.5818,"06/10/2023, 07:42:48 PM","06/12/2023, 04:24:00 AM",SUIUSDT,,LONG,10,0.631,0,1,0,-77.387,100,100,-77.387,0,-77.387,closed,0.631,0.594,0.644,0.7,0.78,,,0.582,21.091,110.054,236.917,,,-77.387
KSMUSDT:SHORT:23.3,"06/14/2023, 10:17:11 PM","06/16/2023, 06:06:00 PM",KSMUSDT,,SHORT,5,21.56,0,1,1,4.978,100,100,4.978,0,4.978,closed,21.56,22.68,21.08,20,17,,,23.3,11.132,36.178,105.751,,,-40.353
IDUSDT:LONG:0.27859,"06/16/2023, 07:40:29 PM","06/17/2023, 04:17:00 PM",IDUSDT,,LONG,5,0.294,0,1,1,2.952,100,100,2.952,0,2.952,closed,0.294,0.284,0.299,0.31,0.36,,,0.279,8.856,27.929,113.079,,,-25.562
SANDUSDT:LONG:0.3615,"06/20/2023, 12:18:01 AM","06/20/2023, 04:07:00 AM",SANDUSDT,,LONG,10,0.386,0,1,1,4.813,100,100,4.813,0,4.813,closed,0.386,0.368,0.391,0.481,,,,0.362,11.649,244.37,,,,-64.199
AVAXUSDT:LONG:11,"06/20/2023, 11:47:43 PM","07/14/2023, 07:32:00 AM",AVAXUSDT,,LONG,10,12.05,0,1,3,134.076,100,100,134.076,0,134.076,closed,12.05,11.3,12.26,13.8,14.93,,,11,17.427,145.228,239.004,,,-87.137
MATICUSDT:LONG:0.64,"06/23/2023, 06:08:25 PM","06/24/2023, 11:15:00 PM",MATICUSDT,,LONG,10,0.69,0,1,0,-66.812,100,100,-66.812,0,-66.812,closed,0.69,0.66,0.7,0.8,1,,,0.64,14.493,159.42,449.275,,,-72.464
NEARUSDT:LONG:1.3,"06/23/2023, 06:11:14 PM","06/23/2023, 08:36:00 PM",NEARUSDT,,LONG,10,1.385,0,1,1,5.098,100,100,5.098,0,5.098,closed,1.385,1.324,1.407,1.6,2,,,1.3,15.884,155.235,444.043,,,-61.372
EGLDUSDT:LONG:31.98,"06/23/2023, 11:00:14 PM","06/24/2023, 11:15:00 PM",EGLDUSDT,,LONG,10,33.52,0,1,0,-19.391,100,100,-19.391,0,-19.391,closed,33.52,32.41,34.04,35.5,40,,,31.98,15.513,59.069,193.317,,,-45.943
FTMUSDT:SHORT:0.3316,"06/27/2023, 06:11:07 AM","06/27/2023, 09:18:00 AM",FTMUSDT,,SHORT,10,0.306,0,1,0,-5.222,100,100,-5.222,0,-5.222,closed,0.306,0.326,0.302,0.295,0.258,,,0.332,14.36,37.533,157.637,,,-82.245
ONEUSDT:LONG:0.0123,"06/27/2023, 04:52:51 PM","06/28/2023, 02:22:00 PM",ONEUSDT,,LONG,10,0.013,0,1,0,-55.513,100,100,-55.513,0,-55.513,closed,0.013,0.013,0.013,0.014,0.017,,,0.012,19.011,64.639,292.776,,,-64.639
MASKUSDT:LONG:3.342,"06/30/2023, 12:03:14 PM","06/30/2023, 03:41:00 PM",MASKUSDT,,LONG,10,3.504,0,1,0,-46.233,100,100,-46.233,0,-46.233,closed,3.504,3.392,3.57,3.8,4.2,,,3.342,18.836,84.475,198.63,,,-46.233
SOLUSDT:LONG:17.9,"07/03/2023, 12:31:41 AM","07/04/2023, 08:17:00 PM",SOLUSDT,,LONG,10,19.66,0,1,0,-11.343,100,100,-11.343,0,-11.343,closed,19.66,18.3,20,24,28,,,17.9,17.294,220.753,424.212,,,-89.522
MANAUSDT:SHORT:0.418,"07/04/2023, 09:16:19 PM","07/06/2023, 10:31:00 AM",MANAUSDT,,SHORT,10,0.394,0,1,1,10.968,100,100,10.968,0,10.968,closed,0.394,0.41,0.386,0.36,0.33,,,0.418,20.305,86.294,162.437,,,-60.914
BCHUSDT:SHORT:280,"07/05/2023, 12:50:32 PM","07/05/2023, 10:27:00 PM",BCHUSDT,,SHORT,10,265.5,0,1,2,33.821,100,100,33.821,0,33.821,closed,265.5,276,261.2,250,225,,,280,16.196,58.38,152.542,,,-54.614
ALGOUSDT:LONG:0.1167,"07/06/2023, 11:21:28 AM","07/06/2023, 04:08:00 PM",ALGOUSDT,,LONG,10,0.122,0,1,0,-45.008,100,100,-45.008,0,-45.008,closed,0.122,0.119,0.125,0.13,0.15,,,0.117,22.913,63.83,227.496,,,-45.008
HBARUSDT:SHORT:0.0494,"07/07/2023, 12:50:34 AM","07/07/2023, 01:21:00 AM",HBARUSDT,,SHORT,10,0,0,0,0,0,100,0,0,0,0,closed,0.047,0.049,0.046,0.044,0.04,,,0.049,13.276,57.816,143.469,,,-57.816
NEARUSDT:LONG:1.283,"07/09/2023, 04:39:41 PM","07/10/2023, 02:14:00 AM",NEARUSDT,,LONG,10,1.342,0,1,0,-29.061,100,100,-29.061,0,-29.061,closed,1.342,1.3,1.37,1.4,1.6,,,1.283,20.864,43.219,192.25,,,-43.964
GRTUSDT:SHORT:0.1181,"07/10/2023, 02:17:21 AM","07/10/2023, 10:08:00 PM",GRTUSDT,,SHORT,10,0.111,0,1,0,-55.28,100,100,-55.28,0,-55.28,closed,0.111,0.117,0.109,0.1,,,,0.118,21.968,99.667,,,,-63.293
AVAXUSDT:LONG:13.15,"07/10/2023, 08:48:06 PM","07/10/2023, 09:12:00 PM",AVAXUSDT,,LONG,10,13.473,0,1,0,9.426,100,100,9.426,0,9.426,closed,13.473,13.235,13.61,14,17,,,13.15,10.168,39.115,261.783,,,-23.974
MANAUSDT:LONG:0.366,"07/11/2023, 10:31:43 AM","07/12/2023, 06:10:00 PM",MANAUSDT,,LONG,10,0.39,0,1,1,3.005,100,100,3.005,0,3.005,closed,0.39,0.373,0.394,0.41,0.6,,,0.366,10.524,52.361,540.041,,,-60.575
BNBUSDT:LONG:229.7,"07/13/2023, 07:20:53 PM","07/13/2023, 10:58:00 PM",BNBUSDT,,LONG,10,252.2,0,1,1,6.364,100,100,6.364,0,6.364,closed,252.2,234.5,257.5,270,300,,,229.7,21.015,70.579,189.532,,,-89.215
NEARUSDT:SHORT:1.53,"07/17/2023, 12:41:19 PM","07/20/2023, 08:03:00 AM",NEARUSDT,,SHORT,10,1.434,0,1,0,-66.946,100,100,-66.946,0,-66.946,closed,1.434,1.5,1.413,1.3,1,,,1.53,14.644,93.445,302.65,,,-66.946
FTMUSDT:LONG:0.249,"07/21/2023, 08:23:03 PM","07/23/2023, 01:32:00 AM",FTMUSDT,,LONG,10,0.259,0,1,0,-38.61,100,100,-38.61,0,-38.61,closed,0.259,0.251,0.262,0.28,0.33,,,0.249,11.583,81.081,274.131,,,-38.61
GALAUSDT:LONG:0.022,"07/27/2023, 07:23:32 AM","07/27/2023, 12:30:00 PM",GALAUSDT,,LONG,7,0.024,0,1,1,2.291,100,100,2.291,0,2.291,closed,0.024,0.023,0.024,0.026,0.033,,,0.022,8.898,71.186,278.814,,,-47.458
GMTUSDT:LONG:0.203,"07/28/2023, 03:05:57 PM","07/30/2023, 09:49:00 PM",GMTUSDT,,LONG,7,0.213,0,1,1,2.069,100,100,2.069,0,2.069,closed,0.213,0.207,0.215,0.227,0.3,,,0.203,7.244,46.425,287.77,,,-31.609
