signalId,date open,date closed,coin,exchange,direction,leverage,avgEntryPrice,avgTpValue,maxReachedEntry,maxReachedTp,pnl,allocatedAmount,spentAmount,realizedProfit,unrealizedProfit,totalProfit,status,EP1,EP2,EP3,EP4,TP1,TP2,TP3,TP4,TP5,TP6,TP7,TP8,TP9,TP10,TP11,TP12,TP13,TP14,TP15,stopLoss,TP Pot. Profit 1,TP Pot. Profit 2,TP Pot. Profit 3,TP Pot. Profit 4,TP Pot. Profit 5,TP Pot. Profit 6,TP Pot. Profit 7,TP Pot. Profit 8,TP Pot. Profit 9,TP Pot. Profit 10,TP Pot. Profit 11,TP Pot. Profit 12,TP Pot. Profit 13,TP Pot. Profit 14,TP Pot. Profit 15,potentialLoss
0867,"01/02/2023, 03:23:52 PM","01/05/2023, 10:46:00 AM",CELO/USDT,,LONG,3,0.495,0,1,1,0.455,100,25,0.114,0,0.114,closed,0.495,0.465,0.435,0.405,0.51,0.53,0.56,0.6,0.66,0.73,0.82,0.95,1.15,1.55,,,,,,0.359,9.091,21.212,39.394,63.636,100,142.424,196.97,275.758,396.97,639.394,,,,,,-82.424
0868,"01/03/2023, 03:27:47 PM","01/04/2023, 04:08:00 PM",ZEN/USDT,,LONG,3,9.1,0,1,1,0.412,100,25,0.103,0,0.103,closed,9.1,8.55,8,7.45,9.35,9.7,10.1,10.6,11.5,12.5,14,17,21,27,36,,,,,6.52,8.242,19.78,32.967,49.451,79.121,112.088,161.538,260.44,392.308,590.11,886.813,,,,,-85.055
0869,"01/04/2023, 03:50:46 PM","02/20/2023, 08:21:00 AM",SOL/USDT,,LONG,3,13.869,0,2,8,172.889,100,50,86.444,0,86.444,closed,14.45,13.333,12.217,11.1,14.9,15.5,16.2,17,18.2,20,23,27,32,37,43,50,,,,9.72,9.343,21.799,36.332,52.941,77.855,115.225,177.509,260.554,364.36,468.166,592.734,738.062,,,,-98.201
0870,"01/05/2023, 05:15:47 PM","01/18/2023, 04:55:00 PM",CTK/USDT,,LONG,3,0.734,0,1,4,9.237,100,25,2.309,0,2.309,closed,0.734,0.691,0.648,0.605,0.756,0.78,0.81,0.85,0.9,0.97,1.15,1.35,1.6,1.95,2.5,3.35,,,,0.537,8.992,18.801,31.063,47.411,67.847,96.458,170.027,251.771,353.951,497.003,721.798,1069.21,,,,-80.518
0871,"01/06/2023, 02:51:27 PM",,TRX/USDT,,LONG,3,0.051,0,1,7,112.975,100,25,13.493,14.751,28.244,open,0.051,0.048,0.045,0.042,0.053,0.054,0.056,0.059,0.063,0.07,0.08,0.095,0.11,0.142,0.178,,,,,0.037,8.824,17.647,29.412,47.059,70.588,111.765,170.588,258.824,347.059,535.294,747.059,,,,,-80.588
0872,"01/08/2023, 04:46:25 PM","03/09/2023, 09:25:00 PM",BAND/USDT,,LONG,3,1.48,0,1,6,31.014,100,25,7.753,0,7.753,closed,1.48,1.38,1.28,1.18,1.53,1.6,1.7,1.82,1.95,2.15,2.4,3,3.8,4.8,5.65,,,,,1.05,10.135,24.324,44.595,68.919,95.27,135.811,186.486,308.108,470.27,672.973,845.27,,,,,-87.162
0873,"01/09/2023, 06:34:27 PM","01/12/2023, 02:22:00 PM",EOS/USDT,,LONG,3,0.95,0,1,1,0.474,100,25,0.118,0,0.118,closed,0.95,0.893,0.837,0.78,0.98,1.02,1.07,1.15,1.25,1.45,1.8,2.3,3.2,,,,,,,0.705,9.474,22.105,37.895,63.158,94.737,157.895,268.421,426.316,710.526,,,,,,,-77.368
0874,"01/10/2023, 05:14:24 PM","01/12/2023, 11:02:00 AM",ALICE/USDT,,LONG,3,1.242,0,1,1,0.459,100,25,0.115,0,0.115,closed,1.242,1.161,1.081,1,1.28,1.32,1.38,1.45,1.55,1.75,2,2.45,3.1,3.7,4.5,5.45,,,,0.89,9.179,18.841,33.333,50.242,74.396,122.705,183.092,291.787,448.792,593.72,786.957,1016.425,,,,-85.024
0875,"01/11/2023, 04:31:05 PM","02/21/2023, 03:51:00 AM",THETA/USDT,,LONG,3,0.795,0,1,8,114.226,100,25,28.557,0,28.557,closed,0.795,0.742,0.688,0.635,0.82,0.84,0.87,0.9,0.95,1.03,1.15,1.3,1.5,1.8,2.25,2.95,,,,0.564,9.434,16.981,28.302,39.623,58.491,88.679,133.962,190.566,266.038,379.245,549.057,813.208,,,,-87.17
0876,"01/12/2023, 02:17:13 PM","02/04/2023, 09:04:00 PM",GRT/USDT,,LONG,3,0.07,0,1,8,111.286,100,25,27.821,0,27.821,closed,0.07,0.066,0.061,0.057,0.073,0.075,0.077,0.079,0.083,0.089,0.1,0.115,0.14,0.195,0.255,0.345,,,,0.051,8.949,19.602,28.125,36.648,53.693,79.261,126.136,190.057,296.591,530.966,786.648,1170.17,,,,-83.523
0877,"01/13/2023, 03:18:20 PM","03/10/2023, 11:02:00 AM",DOT/USDT,,LONG,3,5.21,0,1,6,26.488,100,25,6.622,0,6.622,closed,5.21,4.89,4.57,4.25,5.36,5.55,5.8,6.2,6.7,7.3,8.2,9.5,12,16,23,,,,,3.77,8.637,19.578,33.973,57.006,85.797,120.345,172.169,247.025,390.979,621.305,1024.376,,,,,-82.917
0878,"01/14/2023, 03:14:45 PM","01/14/2023, 04:01:00 PM",QNT/USDT,,SHORT,5,129.5,0,1,1,0.386,100,25,0.097,0,0.097,closed,129.5,134.167,138.833,143.5,127.5,125,122,118,111,102,90,72,40.5,,,,,,,150.2,7.722,17.375,28.958,44.402,71.429,106.178,152.51,222.008,343.629,,,,,,,-79.923
0879,"01/14/2023, 10:06:02 PM","01/15/2023, 03:02:00 AM",BTC/USDT,,SHORT,10,20820,0,1,1,0.408,100,25,0.102,0,0.102,closed,20820,21133.333,21446.667,21760,20650,20450,20200,19900,19400,18700,18100,17500,16800,,,,,,,22440,8.165,17.771,29.779,44.188,68.204,101.825,130.644,159.462,193.084,,,,,,,-77.81
0880,"01/15/2023, 03:38:26 PM","01/20/2023, 10:02:00 PM",APE/USDT,,SHORT,10,5.178,0,4,5,28.241,100,100,28.241,0,28.241,closed,5.06,5.14,5.22,5.3,5,4.92,4.82,4.7,4.5,4.2,3.9,3.5,3,,,,,,,5.53,11.858,27.668,47.431,71.146,110.672,169.96,229.249,308.3,407.115,,,,,,,-92.885
0881,"01/16/2023, 02:58:12 PM","01/30/2023, 08:10:00 PM",XRP/USDT,,LONG,3,0.388,0,1,2,1.508,100,25,0.377,0,0.377,closed,0.388,0.363,0.337,0.312,0.4,0.415,0.435,0.46,0.5,0.58,0.7,0.95,1.15,1.36,1.69,,,,,0.278,9.278,20.876,36.34,55.67,86.598,148.454,241.237,434.536,589.175,751.546,1006.701,,,,,-85.052
0882,"01/17/2023, 04:01:48 PM","03/03/2023, 02:30:00 AM",ALGO/USDT,,LONG,3,0.228,0,2,5,18.274,100,50,9.137,0,9.137,closed,0.236,0.221,0.207,0.192,0.243,0.25,0.26,0.275,0.3,0.34,0.4,0.47,0.55,0.7,0.96,,,,,0.171,8.898,17.797,30.508,49.576,81.356,132.203,208.475,297.458,399.153,589.831,920.339,,,,,-82.627
0883,"01/18/2023, 05:13:51 PM","03/10/2023, 11:32:00 AM",LRC/USDT,,LONG,3,0.256,0,2,7,76.722,100,50,38.361,0,38.361,closed,0.265,0.248,0.232,0.215,0.275,0.285,0.3,0.32,0.35,0.39,0.45,0.52,0.62,0.75,0.95,1.23,,,,0.188,11.321,22.642,39.623,62.264,96.226,141.509,209.434,288.679,401.887,549.057,775.472,1092.453,,,,-87.17
0884,"01/19/2023, 02:33:38 PM","01/20/2023, 09:19:00 PM",ADA/USDT,,SHORT,10,0.337,0,4,0,-65.704,100,100,-65.704,0,-65.704,closed,0.328,0.334,0.34,0.346,0.324,0.32,0.315,0.308,0.3,0.29,0.275,0.26,0.24,,,,,,,0.359,12.195,24.39,39.634,60.976,85.366,115.854,161.585,207.317,268.293,,,,,,,-94.512
0885,"01/20/2023, 02:10:50 PM","01/24/2023, 11:27:00 PM",COMP/USDT,,LONG,3,48.1,0,1,3,4.397,100,25,1.099,-0,1.099,closed,48.1,45.133,42.167,39.2,49.5,51,53,56,61,69,80,110,140,180,230,,,,,34.8,8.732,18.087,30.561,49.272,80.457,130.353,198.96,386.071,573.181,822.661,1134.511,,,,,-82.952
0886,"01/21/2023, 02:33:28 PM","01/22/2023, 12:29:00 PM",GALA/USDT,,LONG,3,0.05,0,1,1,0.455,100,25,0.114,0,0.114,closed,0.05,0.046,0.043,0.039,0.051,0.053,0.056,0.059,0.064,0.072,0.085,0.1,0.12,0.142,0.165,0.188,,,,0.034,9.091,21.212,39.394,57.576,87.879,136.364,215.152,306.061,427.273,560.606,700,839.394,,,,-92.727
0887,"01/24/2023, 02:25:39 PM","01/30/2023, 10:07:00 AM",GMT/USDT,,LONG,3,0.555,0,3,4,15.424,100,75,11.568,0,11.568,closed,0.595,0.557,0.518,0.48,0.61,0.63,0.65,0.68,0.74,0.85,1,1.2,1.42,1.65,2.15,,,,,0.427,7.563,17.647,27.731,42.857,73.109,128.571,204.202,305.042,415.966,531.933,784.034,,,,,-84.706
0888,"01/24/2023, 02:56:01 PM","01/30/2023, 10:09:00 AM",AAVE/USDT,,LONG,3,82.83,0,2,1,0.936,100,50,0.468,0,0.468,closed,85.6,80.233,74.867,69.5,88,91,95,100,107,117,130,150,180,220,265,325,,,,61.3,8.411,18.925,32.944,50.467,75,110.047,155.607,225.701,330.841,471.028,628.738,839.019,,,,-85.164
0890,"01/26/2023, 05:58:25 PM","01/30/2023, 10:07:00 AM",XLM/USDT,,LONG,3,0.092,0,1,1,0.408,100,25,0.102,0,0.102,closed,0.092,0.086,0.08,0.074,0.095,0.098,0.101,0.106,0.118,0.135,0.165,0.2,0.26,0.335,,,,,,0.066,8.152,17.935,29.348,45.652,84.783,140.217,238.043,352.174,547.826,792.391,,,,,,-84.783
0891,"01/27/2023, 03:44:30 PM","01/28/2023, 12:08:00 PM",MATIC/USDT,,LONG,3,1.12,0,1,2,1.339,100,25,0.335,0,0.335,closed,1.12,1.047,0.973,0.9,1.15,1.19,1.24,1.3,1.4,1.55,1.75,2,2.3,2.7,3.25,3.85,,,,0.79,8.036,18.75,32.143,48.214,75,115.179,168.75,235.714,316.071,423.214,570.536,731.25,,,,-88.393
0892,"01/28/2023, 05:24:14 PM","01/30/2023, 06:33:00 PM",DOGE/USDT,,LONG,3,0.089,0,1,1,0.421,100,25,0.105,0,0.105,closed,0.089,0.084,0.078,0.073,0.092,0.095,0.102,0.112,0.13,0.15,0.19,0.23,0.28,0.33,,,,,,0.065,8.427,20.225,43.82,77.528,138.202,205.618,340.449,475.281,643.82,812.36,,,,,,-82.584
0893,"01/30/2023, 03:42:37 PM","02/02/2023, 11:00:00 PM",HNT/USDT,,LONG,1,2.8,0,1,1,0.446,100,25,0.112,0,0.112,closed,2.8,2.367,1.933,1.5,3.05,3.35,3.7,4.2,5,6.5,8.5,11,15,20,27.7,,,,,1.01,8.929,19.643,32.143,50,78.571,132.143,203.571,292.857,435.714,614.286,889.286,,,,,-63.929
0894,"01/31/2023, 06:49:48 PM","02/01/2023, 07:57:00 AM",ENJ/USDT,,LONG,3,0.448,0,1,1,0.402,100,25,0.1,0,0.1,closed,0.448,0.415,0.383,0.35,0.46,0.475,0.495,0.53,0.58,0.7,0.9,1.15,1.4,1.92,,,,,,0.314,8.036,18.08,31.473,54.911,88.393,168.75,302.679,470.089,637.5,985.714,,,,,,-89.732
0895,"02/01/2023, 03:42:42 PM","02/05/2023, 01:56:00 PM",COTI/USDT,,LONG,3,0.096,0,1,3,3.672,100,25,0.918,0,0.918,closed,0.096,0.09,0.083,0.077,0.099,0.101,0.104,0.109,0.118,0.135,0.16,0.195,0.245,0.32,0.435,,,,,0.068,7.813,15.625,25,40.625,68.75,121.875,200,309.375,465.625,700,1059.375,,,,,-87.5
0897,"02/03/2023, 03:24:11 PM","02/04/2023, 06:23:00 AM",NEAR/USDT,,LONG,3,2.44,0,1,1,0.43,100,25,0.108,0,0.108,closed,2.44,2.29,2.14,1.99,2.51,2.62,2.75,3,3.35,3.8,4.5,5.5,6.6,7.8,9.1,,,,,1.76,8.607,22.131,38.115,68.852,111.885,167.213,253.279,376.23,511.475,659.016,818.852,,,,,-83.607
0898,"02/04/2023, 04:11:01 PM","02/09/2023, 08:19:00 PM",TOMO/USDT,,LONG,3,0.396,0,3,3,9.8,100,75,7.35,0,7.35,closed,0.428,0.398,0.368,0.338,0.44,0.455,0.475,0.5,0.54,0.6,0.7,0.85,1.1,1.42,1.75,,,,,0.303,8.411,18.925,32.944,50.467,78.505,120.561,190.654,295.794,471.028,695.327,926.636,,,,,-87.617
0899,"02/06/2023, 05:18:05 PM","02/08/2023, 09:05:00 AM",REN/USDT,,LONG,3,0.101,0,1,1,0.446,100,25,0.111,0,0.111,closed,0.101,0.094,0.087,0.08,0.104,0.108,0.113,0.12,0.135,0.16,0.2,0.25,0.32,0.4,,,,,,0.072,8.911,20.792,35.644,56.436,100.99,175.248,294.059,442.574,650.495,888.119,,,,,,-86.436
0900,"02/07/2023, 04:48:55 PM","02/08/2023, 04:10:00 PM",CTSI/USDT,,LONG,3,0.176,0,1,1,0.426,100,25,0.107,0,0.107,closed,0.176,0.165,0.153,0.142,0.181,0.187,0.195,0.205,0.22,0.25,0.29,0.35,0.45,0.55,0.67,,,,,0.126,8.523,18.75,32.386,49.432,75,126.136,194.318,296.591,467.045,637.5,842.045,,,,,-85.227
0901,"02/09/2023, 07:06:16 PM","02/15/2023, 08:29:00 PM",ETH/USDT,,SHORT,10,1620,0,1,4,14.815,100,25,3.704,0,3.704,closed,1620,1650,1680,1710,1590,1570,1540,1500,1420,1320,1200,1065,,,,,,,,1765,18.519,30.864,49.383,74.074,123.457,185.185,259.259,342.593,,,,,,,,-89.506
0902,"02/10/2023, 05:22:42 PM","02/15/2023, 09:32:00 PM",BNB/USDT,,SHORT,10,311.923,0,3,4,15.475,100,75,11.606,0,11.606,closed,306,312,318,324,303,300,296,290,280,270,258,240,,,,,,,,334.5,9.804,19.608,32.68,52.288,84.967,117.647,156.863,215.686,,,,,,,,-93.137
0904,"02/12/2023, 06:47:46 PM","03/08/2023, 11:48:00 PM",TRX/USDT,,LONG,3,0.065,0,1,3,5.308,100,25,1.327,0,1.327,closed,0.065,0.061,0.057,0.053,0.067,0.07,0.073,0.078,0.085,0.095,0.105,0.12,0.135,0.155,0.18,,,,,0.047,9.231,23.077,36.923,60,92.308,138.462,184.615,253.846,323.077,415.385,530.769,,,,,-83.077
0905,"02/13/2023, 02:22:23 PM","03/03/2023, 02:30:00 AM",EGLD/USDT,,LONG,3,42.6,0,1,5,11.225,100,25,2.806,0,2.806,closed,42.6,39.933,37.267,34.6,43.5,44.7,46,48,52,59,70,85,105,125,146,,,,,30.75,6.338,14.789,23.944,38.028,66.197,115.493,192.958,298.592,439.437,580.282,728.169,,,,,-83.451
0907,"02/18/2023, 10:03:57 AM","02/18/2023, 02:22:00 PM",LTC/USDT,,SHORT,10,100.1,0,1,1,0.5,100,25,0.125,0,0.125,closed,100.1,102.2,104.3,106.4,99.1,98,96.8,95.5,94,92,88,82,75,67,57,,,,,111.1,9.99,20.979,32.967,45.954,60.939,80.919,120.879,180.819,250.749,330.669,430.569,,,,,-109.89
0908,"02/19/2023, 10:46:29 PM","02/20/2023, 02:48:00 AM",XTZ/USDT,,SHORT,10,1.189,0,2,2,2.026,100,50,1.013,0,1.013,closed,1.18,1.198,1.217,1.235,1.17,1.16,1.145,1.13,1.11,1.08,1.03,0.95,0.87,0.78,,,,,,1.29,8.475,16.949,29.661,42.373,59.322,84.746,127.119,194.915,262.712,338.983,,,,,,-93.22
0909,"02/20/2023, 12:17:47 PM",,XMR/USDT,,LONG,3,151.755,0,4,1,16.203,100,100,1.902,14.301,16.203,open,168.3,157.867,147.433,137,171,174,178,183,189,200,215,250,300,370,450,595,,,,123.8,4.813,10.16,17.291,26.203,36.898,56.506,83.244,145.633,234.759,359.537,502.139,760.606,,,,-79.323
0910,"02/21/2023, 10:50:20 AM","02/21/2023, 12:32:00 PM",DOT/USDT,,SHORT,10,7.32,0,1,1,0.478,100,25,0.12,0,0.12,closed,7.32,7.493,7.667,7.84,7.25,7.17,7.05,6.9,6.7,6.4,6.1,5.8,5.5,5.15,,,,,,8.08,9.563,20.492,36.885,57.377,84.699,125.683,166.667,207.65,248.634,296.448,,,,,,-103.825
0911,"02/22/2023, 12:19:57 PM","02/22/2023, 08:06:00 PM",BNB/USDT,,SHORT,10,307.5,0,1,1,0.488,100,25,0.122,0,0.122,closed,307.5,313.667,319.833,326,304.5,301,296,290,280,270,258,241,,,,,,,,338.9,9.756,21.138,37.398,56.911,89.431,121.951,160.976,216.26,,,,,,,,-102.114
0912,"02/23/2023, 11:25:02 AM","03/10/2023, 11:26:00 AM",ETC/USDT,,SHORT,10,22.4,0,1,8,169.375,100,25,42.344,0,42.344,closed,22.4,22.867,23.333,23.8,22.2,21.9,21.5,20.7,20,19,18,16.3,,,,,,,,24.62,8.929,22.321,40.179,75.893,107.143,151.786,196.429,272.321,,,,,,,,-99.107
0913,"02/24/2023, 09:58:49 AM","02/24/2023, 12:43:00 PM",ONT/USDT,,SHORT,10,0.262,0,1,1,0.573,100,25,0.143,0,0.143,closed,0.262,0.267,0.271,0.276,0.259,0.256,0.252,0.247,0.24,0.23,0.215,0.2,0.185,0.168,,,,,,0.289,11.45,22.901,38.168,57.252,83.969,122.137,179.389,236.641,293.893,358.779,,,,,,-103.053
0914,"02/25/2023, 10:48:32 AM","03/09/2023, 09:06:00 PM",CELO/USDT,,LONG,3,0.709,0,4,0,-56.795,100,100,-56.795,0,-56.795,closed,0.787,0.738,0.689,0.64,0.81,0.84,0.88,0.93,0.99,1.1,1.25,1.4,1.65,2,,,,,,0.575,8.767,20.203,35.451,54.511,77.382,119.314,176.493,233.672,328.971,462.389,,,,,,-80.813
0915,"02/27/2023, 09:18:04 AM","05/08/2023, 03:44:00 AM",MATIC/USDT,,LONG,3,1.146,0,4,0,-55.762,100,100,-55.762,0,-55.762,closed,1.258,1.187,1.116,1.045,1.3,1.35,1.41,1.49,1.6,1.75,2,2.4,2.85,3.3,3.9,,,,,0.933,10.016,21.94,36.248,55.326,81.558,117.329,176.948,272.337,379.65,486.963,630.048,,,,,-77.504
0916,"02/28/2023, 12:21:24 PM",,TRX/USDT,,LONG,3,0.063,0,4,6,77.153,100,100,36.026,41.127,77.153,open,0.069,0.065,0.061,0.056,0.071,0.074,0.076,0.079,0.083,0.088,0.095,0.11,0.13,0.15,0.18,,,,,0.051,8.646,17.723,28.53,41.499,58.79,80.403,110.663,175.504,261.96,348.415,478.098,,,,,-80.836
0917,"03/01/2023, 09:26:46 AM","03/10/2023, 10:41:00 AM",COTI/USDT,,LONG,3,0.081,0,4,0,-56.179,100,100,-56.179,0,-56.179,closed,0.089,0.084,0.079,0.074,0.092,0.095,0.099,0.105,0.113,0.125,0.145,0.18,0.23,0.28,0.335,,,,,0.066,8.427,20.225,33.708,53.933,80.899,121.348,188.764,306.742,475.281,643.82,829.213,,,,,-78.539
0918,"03/02/2023, 08:56:32 AM","03/02/2023, 02:23:00 PM",APE/USDT,,SHORT,10,4.98,0,1,1,0.402,100,25,0.1,0,0.1,closed,4.98,5.083,5.187,5.29,4.94,4.89,4.83,4.73,4.6,4.4,4.15,3.9,3.6,3.17,,,,,,5.495,8.032,18.072,30.12,50.201,76.305,116.466,166.667,216.867,277.108,363.454,,,,,,-103.414
0919,"03/03/2023, 01:42:51 PM","03/04/2023, 01:41:00 AM",SAND/USDT,,LONG,3,0,0,0,0,0,100,0,0,0,0,closed,0.557,NaN,NaN,,0.657,0.668,0.682,0.7,0.73,0.77,0.82,0.9,1.05,1.35,1.9,,,,,0.531,53.86,59.785,67.325,77.02,93.178,114.722,141.652,184.74,265.53,427.11,723.339,,,,,-14.004
0920,"03/04/2023, 11:37:57 AM","03/09/2023, 09:59:00 PM",EOS/USDT,,SHORT,10,1.295,0,1,8,130.193,100,25,32.548,0,32.548,closed,1.295,NaN,NaN,,1.28,1.26,1.24,1.21,1.18,1.14,1.09,1.04,0.98,0.87,,,,,,1.433,11.583,27.027,42.471,65.637,88.803,119.691,158.301,196.911,243.243,328.185,,,,,,-106.564
0921,"03/05/2023, 11:36:33 AM","03/10/2023, 11:38:00 AM",DYDX/USDT,,LONG,3,2.201,0,4,0,-53.304,100,100,-53.304,0,-53.304,closed,2.45,2.293,2.137,1.98,2.52,2.6,2.7,2.9,3.2,3.9,5,6.5,8.1,10.15,,,,,,1.81,8.571,18.367,30.612,55.102,91.837,177.551,312.245,495.918,691.837,942.857,,,,,,-78.367
0922,"03/06/2023, 04:02:23 PM","03/09/2023, 09:24:00 PM",FET/USDT,,LONG,3,0.387,0,4,0,-54.778,100,100,-54.778,0,-54.778,closed,0.425,0.401,0.376,0.352,0.435,0.45,0.47,0.49,0.52,0.57,0.65,0.8,1,1.21,,,,,,0.316,7.059,17.647,31.765,45.882,67.059,102.353,158.824,264.706,405.882,554.118,,,,,,-76.941
0923,"03/07/2023, 12:56:06 PM","06/10/2023, 06:26:00 AM",XLM/USDT,,LONG,3,0.08,0,2,5,20.473,100,50,10.237,-0,10.237,closed,0.083,0.077,0.072,0.067,0.085,0.088,0.092,0.097,0.11,0.13,0.155,0.19,0.24,0.3,,,,,,0.06,9.091,20,34.545,52.727,100,172.727,263.636,390.909,572.727,790.909,,,,,,-83.273
0924,"03/08/2023, 12:12:38 PM","03/24/2023, 12:48:00 PM",UNI/USDT,,LONG,3,5.834,0,4,1,2.074,100,100,2.074,0,2.074,closed,6.44,6.057,5.673,5.29,6.64,6.9,7.2,7.6,8.2,9.5,11.5,14,17.3,,,,,,,4.8,9.317,21.429,35.404,54.037,81.988,142.547,235.714,352.174,505.901,,,,,,,-76.398
0925,"03/09/2023, 12:21:17 PM","05/08/2023, 03:42:00 AM",THETA/USDT,,LONG,3,0.938,0,2,4,14.247,100,50,7.124,0,7.124,closed,0.97,0.908,0.847,0.785,1,1.04,1.09,1.15,1.25,1.4,1.6,1.9,2.3,2.79,,,,,,0.701,9.278,21.649,37.113,55.67,86.598,132.99,194.845,287.629,411.34,562.887,,,,,,-83.196
0926,"03/10/2023, 11:12:20 AM","03/18/2023, 12:16:00 AM",TOMO/USDT,,LONG,3,0.326,0,1,8,155.107,100,25,38.777,0,38.777,closed,0.326,0.306,0.287,0.267,0.335,0.35,0.37,0.4,0.44,0.48,0.53,0.59,0.68,0.8,1.3,,,,,0.239,8.282,22.086,40.491,68.098,104.908,141.718,187.73,242.945,325.767,436.196,896.319,,,,,-80.061
0927,"03/11/2023, 09:48:01 AM","05/06/2023, 03:17:00 PM",GALA/USDT,,LONG,3,0.032,0,1,6,25.41,100,25,6.353,0,6.353,closed,0.032,0.029,0.027,0.025,0.033,0.034,0.035,0.037,0.04,0.045,0.052,0.062,0.104,0.8,,,,,,0.023,7.571,17.035,31.23,50.158,78.549,125.868,192.114,286.751,684.227,7270.978,,,,,,-86.12
0928,"03/12/2023, 10:49:59 AM","03/19/2023, 05:34:00 PM",BTC/USDT,,LONG,10,20400,0,1,8,216.078,100,25,54.02,0,54.02,closed,20400,19933.333,19466.667,19000,20600,20900,21300,21800,22500,24000,25500,27900,,,,,,,,18200,9.804,24.51,44.118,68.627,102.941,176.471,250,367.647,,,,,,,,-107.843
0929,"03/13/2023, 10:28:06 AM","03/27/2023, 05:01:00 PM",CELO/USDT,,LONG,3,0.561,0,1,5,11.893,100,25,2.973,0,2.973,closed,0.561,0.526,0.49,0.455,0.576,0.592,0.61,0.64,0.68,0.75,0.85,1,1.25,1.6,2,,,,,0.407,8.021,16.578,26.203,42.246,63.636,101.07,154.545,234.759,368.449,555.615,769.519,,,,,-82.353
0931,"03/14/2023, 08:26:13 AM","03/14/2023, 08:13:00 PM",YFI/USDT,,LONG,3,9150,0,1,1,0.443,100,25,0.111,0,0.111,closed,9150,8346.667,7543.333,6740,9420,9750,10200,10700,11300,12000,13200,14500,16500,20000,25300,,,,,6739,8.852,19.672,34.426,50.82,70.492,93.443,132.787,175.41,240.984,355.738,529.508,,,,,-79.049
0932,"03/15/2023, 11:38:03 AM","04/21/2023, 09:04:00 PM",THETA/USDT,,LONG,3,1.004,0,3,3,9.023,100,75,6.768,0,6.768,closed,1.07,1.007,0.943,0.88,1.1,1.14,1.19,1.25,1.34,1.45,1.7,2,2.35,2.8,3.55,,,,,0.79,8.411,19.626,33.645,50.467,75.701,106.542,176.636,260.748,358.879,485.047,695.327,,,,,-78.505
0933,"03/16/2023, 06:46:47 PM","03/20/2023, 06:02:00 PM",ALGO/USDT,,LONG,3,0.21,0,1,2,1.429,100,25,0.357,0,0.357,closed,0.21,0.196,0.183,0.169,0.216,0.224,0.235,0.25,0.27,0.32,0.4,0.5,0.6,0.73,,,,,,0.151,8.571,20,35.714,57.143,85.714,157.143,271.429,414.286,557.143,742.857,,,,,,-84.286
0934,"03/17/2023, 09:53:47 AM","03/17/2023, 03:39:00 PM",AVAX/USDT,,LONG,3,16.4,0,1,1,0.457,100,25,0.114,0,0.114,closed,16.4,15.3,14.2,13.1,16.9,17.5,18.2,19.2,21,24,28,33,38,45,53,,,,,11.8,9.146,20.122,32.927,51.22,84.146,139.024,212.195,303.659,395.122,523.171,669.512,,,,,-84.146
0935,"03/19/2023, 04:02:17 PM","06/10/2023, 06:23:00 AM",BCH/USDT,,LONG,3,123.353,0,4,0,-58.984,100,100,-58.984,0,-58.984,closed,136,128,120,112,140,145,151,158,170,190,220,260,310,385,,,,,,99.1,8.824,19.853,33.088,48.529,75,119.118,185.294,273.529,383.824,549.265,,,,,,-81.397
0936,"03/20/2023, 09:34:55 AM","04/19/2023, 10:22:00 AM",FIL/USDT,,LONG,3,5.751,0,3,1,1.564,100,75,1.173,0,1.173,closed,6.18,5.77,5.36,4.95,6.35,6.55,6.8,7.2,7.8,9,10.5,12.5,14.5,17,19.5,22.3,,,,4.47,8.252,17.961,30.097,49.515,78.641,136.893,209.709,306.796,403.883,525.243,646.602,782.524,,,,-83.01
0937,"03/21/2023, 08:22:09 AM","03/21/2023, 09:30:00 AM",MASK/USDT,,SHORT,5,5.36,0,1,1,0.466,100,25,0.117,0,0.117,closed,5.36,5.573,5.787,6,5.26,5.15,5,4.8,4.55,4.25,3.9,3.5,3,2.05,,,,,,6.375,9.328,19.59,33.582,52.239,75.56,103.545,136.194,173.507,220.149,308.769,,,,,,-94.683
0938,"03/22/2023, 12:27:59 PM","03/24/2023, 06:18:00 PM",BAND/USDT,,LONG,3,1.673,0,2,1,0.958,100,50,0.479,0,0.479,closed,1.73,1.62,1.51,1.4,1.78,1.85,1.95,2.1,2.3,2.65,3.1,3.6,4.2,4.8,5.62,,,,,1.245,8.671,20.809,38.15,64.162,98.844,159.538,237.572,324.277,428.324,532.37,674.566,,,,,-84.104
0939,"03/23/2023, 01:04:47 PM","03/26/2023, 03:38:00 PM",ETH/USDT,,SHORT,10,1796.802,0,4,1,1.859,100,100,1.859,0,1.859,closed,1750,1781.667,1813.333,1845,1730,1700,1660,1610,1540,1450,1350,1190,,,,,,,,1920,11.429,28.571,51.429,80,120,171.429,228.571,320,,,,,,,,-97.143
0940,"03/24/2023, 12:35:24 PM","03/24/2023, 01:20:00 PM",LTC/USDT,,SHORT,10,91.7,0,1,2,1.69,100,25,0.423,0,0.423,closed,91.7,93.733,95.767,97.8,90.8,89.5,88,86.5,84.5,82,79,75,69,57,,,,,,101.4,9.815,23.991,40.349,56.707,78.517,105.78,138.495,182.116,247.546,378.408,,,,,,-105.78
0941,"03/25/2023, 06:38:53 PM","03/25/2023, 06:39:00 PM",BTC/USDT,,,10,27400,0,1,0,999.088,100,25,249.772,0,249.772,closed,27400,27940,28480,29020,27150,26900,26600,26200,25500,24500,23000,21200,20000,17800,,,,,,25,9.124,18.248,29.197,43.796,69.343,105.839,160.584,226.277,270.073,350.365,,,,,,-999.088
0942,"03/26/2023, 11:16:19 AM","03/26/2023, 11:17:00 AM",APE/USDT,,,3,3.636,0,3,8,-185.707,100,75,-139.28,0,-139.28,closed,3.4,3.647,3.893,4.14,10.2,9.1,8,7,6,5.3,4.9,4.6,4.4,4.26,,,,,,0.04,600,502.941,405.882,317.647,229.412,167.647,132.353,105.882,88.235,75.882,,,,,,-296.471
0944,"03/28/2023, 12:49:58 PM","04/01/2023, 11:02:00 PM",ONT/USDT,,,10,0.227,0,4,0,-75.83,100,100,-75.83,0,-75.83,closed,0.218,0.224,0.23,0.236,0.215,0.211,0.207,0.2,0.19,0.18,0.165,0.145,,,,,,,,0.244,13.761,32.11,50.459,82.569,128.44,174.312,243.119,334.862,,,,,,,,-119.266
0945,"03/29/2023, 02:53:44 PM","03/29/2023, 02:54:00 PM",ZEN/USDT,,,3,9.064,0,3,8,-278.782,100,75,-209.087,0,-209.087,closed,8.4,9.1,9.8,10.5,36.7,31,26,22,18,15,13.1,12.2,11.6,11.2,10.8,,,,,0.63,1010.714,807.143,628.571,485.714,342.857,235.714,167.857,135.714,114.286,100,85.714,,,,,-277.5
0946,"03/30/2023, 04:40:03 PM","04/17/2023, 04:20:00 PM",ALGO/USDT,,LONG,3,0.221,0,2,1,0.966,100,50,0.483,0,0.483,closed,0.228,0.214,0.2,0.186,0.235,0.243,0.253,0.265,0.28,0.31,0.35,0.4,0.47,0.59,73,,,,,0.167,9.211,19.737,32.895,48.684,68.421,107.895,160.526,226.316,318.421,476.316,95752.632,,,,,-80.263
0947,"04/01/2023, 08:51:47 PM","04/12/2023, 04:14:00 AM",REN/USDT,,LONG,3,0.103,0,2,1,0.965,100,50,0.483,0,0.483,closed,0.107,0.1,0.093,0.086,0.11,0.113,0.117,0.122,0.13,0.145,0.165,0.19,0.23,0.31,,,,,,0.078,8.451,18.31,29.577,43.662,66.197,108.451,164.789,235.211,347.887,573.239,,,,,,-81.408
0948,"04/02/2023, 01:00:44 PM","04/03/2023, 04:49:00 PM",BCH/USDT,,LONG,3,126,0,1,1,0.298,100,25,0.074,0,0.074,closed,126,118,110,102,128.5,132,137,145,160,180,205,230,260,310,385,,,,,92.6,5.952,14.286,26.19,45.238,80.952,128.571,188.095,247.619,319.048,438.095,616.667,,,,,-79.524
0949,"04/04/2023, 02:11:01 AM","04/13/2023, 11:12:00 AM",ETH/USDT,,SHORT,10,1864.099,0,4,0,-65.931,100,100,-65.931,0,-65.931,closed,1810,1846.667,1883.333,1920,1790,1770,1740,1700,1620,1500,1340,1190,,,,,,,,1987,11.05,22.099,38.674,60.773,104.972,171.271,259.669,342.541,,,,,,,,-97.79
0950,"04/04/2023, 05:38:04 PM","04/11/2023, 12:43:00 AM",LTC/USDT,,SHORT,10,93.473,0,2,2,2.646,100,50,1.323,0,1.323,closed,92.5,94.467,96.433,98.4,91.5,90.5,89,87,84,80,76,72,65,56,,,,,,101.9,10.811,21.622,37.838,59.459,91.892,135.135,178.378,221.622,297.297,394.595,,,,,,-101.622
0951,"04/05/2023, 10:12:17 PM","04/09/2023, 09:17:00 PM",BTC/USDT,,SHORT,10,28200,0,1,1,0.532,100,25,0.133,0,0.133,closed,28200,28766.667,29333.333,29900,27900,27600,27200,26700,26000,25000,23800,22200,20000,17800,,,,,,30930,10.638,21.277,35.461,53.191,78.014,113.475,156.028,212.766,290.78,368.794,,,,,,-96.809
0952,"04/06/2023, 06:02:35 PM","04/20/2023, 06:02:00 PM",THETA/USDT,,LONG,3,1.056,0,2,3,6.786,100,50,3.393,0,3.393,closed,1.09,1.023,0.957,0.89,1.12,1.16,1.21,1.28,1.38,1.5,1.7,2,2.35,2.8,3.55,,,,,0.795,8.257,19.266,33.028,52.294,79.817,112.844,167.89,250.459,346.789,470.642,677.064,,,,,-81.193
0953,"04/07/2023, 06:08:51 PM","04/12/2023, 04:17:00 AM",ETC/USDT,,LONG,3,20.6,0,1,2,1.456,100,25,0.364,0,0.364,closed,20.6,19.267,17.933,16.6,21.2,22,23,24.5,27,30,34,39,45,54,63,,,,,14.9,8.738,20.388,34.951,56.796,93.204,136.893,195.146,267.961,355.34,486.408,617.476,,,,,-83.01
0954,"04/08/2023, 06:37:18 PM","04/19/2023, 10:22:00 AM",DOT/USDT,,LONG,3,6.19,0,1,3,4.313,100,25,1.078,0,1.078,closed,6.19,5.83,5.47,5.11,6.37,6.57,6.8,7.2,7.7,8.7,10,13,17,23,,,,,,4.58,8.724,18.417,29.564,48.95,73.183,121.648,184.653,330.048,523.91,814.701,,,,,,-78.029
0955,"04/09/2023, 06:37:15 PM","04/14/2023, 05:35:00 AM",EOS/USDT,,SHORT,10,1.214,0,4,0,-66.335,100,100,-66.335,0,-66.335,closed,1.18,1.203,1.227,1.25,1.17,1.155,1.14,1.12,1.08,1.03,0.96,0.9,0.84,0.79,,,,,,1.295,8.475,21.186,33.898,50.847,84.746,127.119,186.441,237.288,288.136,330.508,,,,,,-97.458
0956,"04/10/2023, 06:22:41 PM","04/12/2023, 04:12:00 AM",ALGO/USDT,,LONG,3,0.215,0,1,1,0.419,100,25,0.105,0,0.105,closed,0.215,0.202,0.189,0.176,0.221,0.228,0.24,0.26,0.29,0.33,0.38,0.45,0.53,0.62,0.73,,,,,0.158,8.372,18.14,34.884,62.791,104.651,160.465,230.233,327.907,439.535,565.116,718.605,,,,,-79.535
0957,"04/11/2023, 08:58:50 PM","05/12/2023, 09:27:00 PM",MATIC/USDT,,LONG,3,1.003,0,4,0,-56.906,100,100,-56.906,0,-56.906,closed,1.12,1.047,0.973,0.9,1.23,1.35,1.5,1.7,1.95,2.3,2.7,3.2,3.75,,,,,,,0.813,29.464,61.607,101.786,155.357,222.321,316.071,423.214,557.143,704.464,,,,,,,-82.232
0958,"04/12/2023, 07:48:29 PM","04/14/2023, 06:49:00 PM",RUNE/USDT,,LONG,3,1.62,0,1,1,0.463,100,25,0.116,0,0.116,closed,1.62,1.517,1.413,1.31,1.67,1.83,1.92,2.05,2.2,2.4,2.8,3.3,3.8,4.75,5.95,,,,,1.18,9.259,38.889,55.556,79.63,107.407,144.444,218.519,311.111,403.704,579.63,801.852,,,,,-81.481
0959,"04/14/2023, 05:05:02 PM","04/17/2023, 05:45:00 PM",SOL/USDT,,LONG,3,24.5,0,1,2,1.347,100,25,0.337,0,0.337,closed,24.5,23,21.5,20,25.2,26,27,29,32,36,41,47,54,64,,,,,,18.15,8.571,18.367,30.612,55.102,91.837,140.816,202.041,275.51,361.224,483.673,,,,,,-77.755
0960,"04/15/2023, 01:00:25 PM","05/06/2023, 04:06:00 PM",NEAR/USDT,,LONG,3,2.183,0,4,0,-59.534,100,100,-59.534,0,-59.534,closed,2.41,2.267,2.123,1.98,2.48,2.6,2.73,3,3.35,3.8,4.5,5.5,6.6,7.8,9.1,,,,,1.75,8.714,23.651,39.834,73.444,117.012,173.029,260.166,384.647,521.577,670.954,832.78,,,,,-82.158
0961,"04/16/2023, 03:17:57 PM","04/18/2023, 03:32:00 AM",EGLD/USDT,,LONG,3,43.1,0,1,1,0.452,100,25,0.113,0,0.113,closed,43.1,40.467,37.833,35.2,44.4,46,48,51,54,59,65,75,87,110,146,,,,,31.62,9.049,20.186,34.107,54.988,75.87,110.673,152.436,222.042,305.568,465.661,716.241,,,,,-79.907
0962,"04/17/2023, 11:21:25 AM","05/08/2023, 07:59:00 PM",FLOW/USDT,,LONG,3,0.959,0,4,0,-60.579,100,100,-60.579,0,-60.579,closed,1.045,0.99,0.935,0.88,1.08,1.12,1.17,1.25,1.4,1.6,1.9,2.3,2.8,3.23,,,,,,0.765,10.048,21.531,35.885,58.852,101.914,159.33,245.455,360.287,503.828,627.273,,,,,,-80.383
0963,"04/17/2023, 03:18:39 PM","04/18/2023, 04:20:00 AM",BTC/USDT,,SHORT,10,29450,0,1,1,0.509,100,25,0.127,0,0.127,closed,29450,30073.333,30696.667,31320,29150,28800,28400,27800,26800,25000,22500,17800,,,,,,,,32385,10.187,22.071,35.654,56.027,89.983,151.104,235.993,395.586,,,,,,,,-99.66
0964,"04/18/2023, 04:43:59 PM","04/18/2023, 10:55:00 PM",ETH/USDT,,SHORT,10,2095,0,1,1,0.477,100,25,0.119,0,0.119,closed,2095,2138.333,2181.667,2225,2075,2050,2010,1950,1860,1750,1620,1450,1340,,,,,,,2304,9.547,21.48,40.573,69.212,112.172,164.678,226.73,307.876,360.382,,,,,,,-99.761
0965,"04/21/2023, 08:15:06 AM","04/21/2023, 08:16:00 AM",BLZ/USDT,,LONG,5,0,0,0,0,0,100,0,0,0,0,closed,0.076,0.074,0.072,0.071,0.078,0.079,0.081,0.09,0.097,0.105,0.115,0.125,,,,,,,,0.067,9.868,19.737,32.895,92.105,138.158,190.789,256.579,322.368,,,,,,,,-57.895
0967,"04/23/2023, 12:06:59 PM","04/26/2023, 09:39:00 PM",DOGE/USDT,,LONG,5,0.079,0,2,1,0.97,100,50,0.485,0,0.485,closed,0.08,0.077,0.075,0.072,0.082,0.084,0.086,0.089,0.094,0.1,0.11,0.125,0.15,0.17,,,,,,0.068,9.963,23.039,35.492,54.172,85.305,122.665,184.932,278.331,433.998,558.531,,,,,,-79.078
0968,"04/24/2023, 06:55:30 PM","04/26/2023, 09:48:00 PM",ALICE/USDT,,LONG,5,1.52,0,1,3,5.921,100,25,1.48,0,1.48,closed,1.52,1.46,1.4,1.34,1.55,1.59,1.65,1.72,1.82,2,2.2,2.55,,,,,,,,1.25,9.868,23.026,42.763,65.789,98.684,157.895,223.684,338.816,,,,,,,,-88.816
0969,"04/25/2023, 06:37:16 PM","04/26/2023, 09:42:00 PM",AXS/USDT,,LONG,5,7.74,0,1,3,4.845,100,25,1.211,0,1.211,closed,7.74,7.46,7.18,6.9,7.9,8.06,8.25,8.5,8.85,9.25,10,11,12.5,14.5,18,,,,,6.54,10.336,20.672,32.946,49.096,71.705,97.545,145.995,210.594,307.494,436.693,662.791,,,,,-77.519
0970,"04/26/2023, 01:13:13 PM","04/26/2023, 07:51:00 PM",ONT/USDT,,LONG,5,0.247,0,1,1,0.506,100,25,0.127,0,0.127,closed,0.247,0.238,0.23,0.221,0.252,0.26,0.27,0.29,0.32,0.34,0.37,0.41,0.46,,,,,,,0.209,10.121,26.316,46.559,87.045,147.773,188.259,248.988,329.96,431.174,,,,,,,-76.923
0971,"04/27/2023, 04:14:07 PM","04/28/2023, 06:31:00 PM",BCH/USDT,,LONG,5,117.5,0,1,1,0.532,100,25,0.133,0,0.133,closed,117.5,113,108.5,104,120,123,127,131,137,148,160,180,210,280,,,,,,97.5,10.638,23.404,40.426,57.447,82.979,129.787,180.851,265.957,393.617,691.489,,,,,,-85.106
0972,"04/28/2023, 03:38:11 PM","05/06/2023, 04:07:00 PM",XMR/USDT,,LONG,3,155,0,1,1,0.29,100,25,0.073,0,0.073,closed,155,148.667,142.333,136,158,162,167,173,181,190,210,232,254,288,,,,,,129.9,5.806,13.548,23.226,34.839,50.323,67.742,106.452,149.032,191.613,257.419,,,,,,-48.581
0973,"04/30/2023, 04:48:48 PM","05/08/2023, 03:44:00 AM",ZEN/USDT,,LONG,5,9.332,0,4,0,-52.079,100,100,-52.079,0,-52.079,closed,9.9,9.533,9.167,8.8,10.1,10.4,10.8,11.5,12.5,13.5,15,16.5,18,,,,,,,8.36,10.101,25.253,45.455,80.808,131.313,181.818,257.576,333.333,409.091,,,,,,,-77.778
0974,"05/01/2023, 09:44:14 PM","05/04/2023, 07:48:00 PM",FET/USDT,,LONG,5,0.312,0,2,1,0.874,100,50,0.437,0,0.437,closed,0.317,0.307,0.298,0.288,0.323,0.33,0.34,0.352,0.365,0.39,0.44,0.52,0.67,,,,,,,0.274,9.464,20.505,36.278,55.205,75.71,115.142,194.006,320.189,556.782,,,,,,,-67.823
0975,"05/02/2023, 03:21:30 PM","05/03/2023, 04:11:00 PM",CTSI/USDT,,LONG,5,0.212,0,1,2,1.651,100,25,0.413,0,0.413,closed,0.212,0.204,0.195,0.187,0.216,0.222,0.23,0.24,0.26,0.29,0.33,0.41,,,,,,,,0.177,9.434,23.585,42.453,66.038,113.208,183.962,278.302,466.981,,,,,,,,-82.547
0976,"05/03/2023, 10:25:56 PM","05/06/2023, 03:35:00 PM",XTZ/USDT,,LONG,5,0.99,0,1,1,0.505,100,25,0.126,0,0.126,closed,0.99,0.95,0.91,0.87,1.01,1.04,1.08,1.15,1.25,1.4,1.6,1.83,,,,,,,,0.82,10.101,25.253,45.455,80.808,131.313,207.071,308.081,424.242,,,,,,,,-85.859
0977,"05/04/2023, 05:25:35 PM","05/08/2023, 08:01:00 PM",MASK/USDT,,LONG,5,4.226,0,4,0,-57.478,100,100,-57.478,0,-57.478,closed,4.5,4.323,4.147,3.97,4.59,4.7,4.85,5.1,5.6,7.2,8,9.25,,,,,,,,3.74,10,22.222,38.889,66.667,122.222,300,388.889,527.778,,,,,,,,-84.444
0978,"05/05/2023, 06:45:55 PM","05/08/2023, 03:44:00 AM",GTC/USDT,,LONG,3,1.759,0,4,0,-53.588,100,100,-53.588,0,-53.588,closed,1.9,1.81,1.72,1.63,1.94,1.99,2.06,2.15,2.3,2.5,2.9,3.5,4.85,,,,,,,1.445,6.316,14.211,25.263,39.474,63.158,94.737,157.895,252.632,465.789,,,,,,,-71.842
0979,"05/06/2023, 05:19:51 PM","05/14/2023, 05:46:00 PM",LTC/USDT,,SHORT,10,83.292,0,2,4,15.34,100,50,7.67,-0,7.67,closed,82.5,84.1,85.7,87.3,81.7,80.5,79,77,74,70,65,60,54,48,,,,,,90.7,9.697,24.242,42.424,66.667,103.03,151.515,212.121,272.727,345.455,418.182,,,,,,-99.394
0980,"05/07/2023, 01:59:21 PM","05/29/2023, 12:02:00 AM",ETH/USDT,,SHORT,10,1900,0,1,4,13.947,100,25,3.487,0,3.487,closed,1900,1935,1970,2005,1880,1850,1810,1760,1700,1600,1480,1350,1230,,,,,,,2074.8,10.526,26.316,47.368,73.684,105.263,157.895,221.053,289.474,352.632,,,,,,,-92
0981,"05/08/2023, 10:32:27 AM","05/10/2023, 03:01:00 PM",APT/USDT,,SHORT,5,8.65,0,1,3,5.405,100,25,1.351,0,1.351,closed,8.65,8.96,9.27,9.58,8.48,8.25,8,7.6,7.1,6.5,5.7,4.7,,,,,,,,10.16,9.827,23.121,37.572,60.694,89.595,124.277,170.52,228.324,,,,,,,,-87.283
0982,"05/08/2023, 11:06:07 PM","05/10/2023, 07:15:00 PM",XLM/USDT,,SHORT,10,0.089,0,2,2,2.304,100,50,1.152,0,1.152,closed,0.088,0.089,0.091,0.092,0.087,0.086,0.085,0.083,0.08,0.076,0.07,0.065,,,,,,,,0.096,10.204,22.676,36.281,58.957,92.971,138.322,206.349,263.039,,,,,,,,-90.703
0983,"05/09/2023, 10:34:41 AM","05/10/2023, 07:15:00 PM",BTC/USDT,,SHORT,10,27827.571,0,2,1,0.948,100,50,0.474,0,0.474,closed,27570,28090,28610,29130,27300,27000,26600,26000,25200,24000,22500,21000,17900,,,,,,,30181,9.793,20.675,35.183,56.946,85.963,129.489,183.896,238.303,350.744,,,,,,,-94.704
0984,"05/10/2023, 05:53:51 PM","05/18/2023, 07:56:00 PM",ZIL/USDT,,LONG,5,0.024,0,3,1,1.581,100,75,1.186,0,1.186,closed,0.025,0.024,0.023,0.022,0.025,0.026,0.027,0.029,0.032,0.035,0.039,0.044,0.05,0.057,,,,,,0.02,10.163,24.39,48.78,89.431,150.407,211.382,292.683,394.309,516.26,658.537,,,,,,-87.398
0985,"05/11/2023, 06:35:46 PM","05/21/2023, 05:45:00 PM",ALGO/USDT,,LONG,5,0.161,0,2,2,2.616,100,50,1.308,0,1.308,closed,0.164,0.157,0.151,0.144,0.167,0.171,0.176,0.182,0.19,0.21,0.23,0.26,0.32,,,,,,,0.136,9.146,21.341,36.585,54.878,79.268,140.244,201.22,292.683,475.61,,,,,,,-85.366
0986,"05/12/2023, 09:18:41 AM","05/23/2023, 08:00:00 AM",KAVA/USDT,,LONG,5,0.888,0,1,8,174.887,100,25,43.722,0,43.722,closed,0.888,0.857,0.826,0.795,0.905,0.925,0.95,0.99,1.05,1.15,1.27,1.4,1.72,,,,,,,0.752,9.572,20.833,34.91,57.432,91.216,147.523,215.09,288.288,468.468,,,,,,,-76.577
0987,"05/13/2023, 03:49:21 PM","05/14/2023, 10:02:00 PM",FLOW/USDT,,LONG,5,0.745,0,1,1,0.503,100,25,0.126,0,0.126,closed,0.745,0.715,0.685,0.655,0.76,0.78,0.81,0.85,0.9,1,1.15,1.3,1.44,,,,,,,0.621,10.067,23.49,43.624,70.47,104.027,171.141,271.812,372.483,466.443,,,,,,,-83.221
0988,"05/14/2023, 04:09:25 PM","05/17/2023, 08:01:00 AM",ADA/USDT,,LONG,5,0.369,0,1,1,0.542,100,25,0.136,0,0.136,closed,0.369,0.355,0.341,0.327,0.377,0.387,0.4,0.42,0.44,0.47,0.51,0.57,0.68,,,,,,,0.312,10.84,24.39,42.005,69.106,96.206,136.856,191.057,272.358,421.409,,,,,,,-77.236
0989,"05/14/2023, 09:38:20 PM","05/18/2023, 07:55:00 PM",FTM/USDT,,LONG,5,0.366,0,1,3,4.713,100,25,1.178,0,1.178,closed,0.366,0.351,0.335,0.32,0.373,0.38,0.39,0.405,0.42,0.44,0.47,0.52,0.6,0.7,,,,,,0.306,9.563,19.126,32.787,53.279,73.77,101.093,142.077,210.383,319.672,456.284,,,,,,-81.967
0990,"05/15/2023, 10:07:33 AM","05/18/2023, 07:42:00 PM",STORJ/USDT,,LONG,5,0.311,0,1,1,0.482,100,25,0.121,0,0.121,closed,0.311,0.301,0.29,0.28,0.317,0.325,0.335,0.34,0.36,0.41,0.47,0.51,0.58,,,,,,,0.266,9.646,22.508,38.585,46.624,78.778,159.164,255.627,319.936,432.476,,,,,,,-72.347
0991,"05/15/2023, 08:34:54 PM","05/18/2023, 07:56:00 PM",CTK/USDT,,LONG,5,0.73,0,1,1,0.514,100,25,0.128,0,0.128,closed,0.73,0.703,0.677,0.65,0.745,0.76,0.78,0.81,0.85,0.91,1,1.12,1.25,1.46,,,,,,0.618,10.274,20.548,34.247,54.795,82.192,123.288,184.932,267.123,356.164,500,,,,,,-76.712
0992,"05/16/2023, 02:08:21 PM","05/17/2023, 10:24:00 PM",FIL/USDT,,LONG,5,4.43,0,1,2,1.411,100,25,0.353,0,0.353,closed,4.43,4.3,4.17,4.04,4.51,4.6,4.72,4.85,5.05,5.25,5.7,6.2,6.8,7.75,,,,,,3.82,9.029,19.187,32.731,47.404,69.977,92.551,143.341,199.774,267.494,374.718,,,,,,-68.849
0993,"05/16/2023, 08:32:34 PM","05/17/2023, 07:47:00 PM",BTC/USDT,,SHORT,10,27000,0,1,1,0.5,100,25,0.125,0,0.125,closed,27000,27466.667,27933.333,28400,26730,26400,26000,25500,24800,23600,22000,19800,,,,,,,,29414,10,22.222,37.037,55.556,81.481,125.926,185.185,266.667,,,,,,,,-89.407
0994,"05/17/2023, 01:37:57 PM","05/18/2023, 07:56:00 PM",LINA/USDT,,LONG,3,0.01,0,1,2,1.456,100,25,0.364,0,0.364,closed,0.01,0.01,0.01,0.009,0.011,0.011,0.012,0.012,0.014,0.016,0.018,0.02,,,,,,,,0.008,8.738,20.388,34.951,58.252,93.204,151.456,209.709,267.961,,,,,,,,-55.34
0995,"05/18/2023, 09:04:09 AM","06/05/2023, 05:59:00 PM",EOS/USDT,,LONG,5,0.856,0,4,1,1.956,100,100,1.956,0,1.956,closed,0.905,0.873,0.842,0.81,0.923,0.94,0.96,0.99,1.04,1.12,1.25,1.4,1.58,,,,,,,0.772,9.945,19.337,30.387,46.961,74.586,118.785,190.608,273.481,372.928,,,,,,,-73.481
0996,"05/18/2023, 05:28:38 PM","05/18/2023, 11:36:00 PM",LTC/USDT,,SHORT,20,91.79,0,2,3,7.69,100,50,3.845,0,3.845,closed,91.35,92.233,93.117,94,90.9,90.2,89.5,88.5,87,85,83,80.5,77,,,,,,,95.8,9.852,25.178,40.504,62.397,95.238,139.026,182.813,237.548,314.176,,,,,,,-97.427
0997,"05/19/2023, 09:28:37 AM","05/31/2023, 06:56:00 AM",ETC/USDT,,LONG,10,17.978,0,3,1,1.59,100,75,1.192,0,1.192,closed,18.35,17.983,17.617,17.25,18.55,18.8,19.1,19.5,20.2,21,22,23.4,25.4,,,,,,,16.58,10.899,24.523,40.872,62.67,100.817,144.414,198.91,275.204,384.196,,,,,,,-96.458
0998,"05/20/2023, 09:38:29 AM","05/21/2023, 08:15:00 AM",OP/USDT,,LONG,5,1.66,0,1,1,0.452,100,25,0.113,0,0.113,closed,1.66,1.61,1.56,1.51,1.69,1.72,1.76,1.81,1.87,2,2.2,2.45,2.79,,,,,,,1.45,9.036,18.072,30.12,45.181,63.253,102.41,162.651,237.952,340.361,,,,,,,-63.253
0999,"05/21/2023, 01:08:29 PM","05/24/2023, 03:52:00 PM",KLAY/USDT,,LONG,10,0.176,0,3,1,1.999,100,75,1.499,0,1.499,closed,0.179,0.176,0.173,0.17,0.183,0.188,0.194,0.2,0.207,0.215,0.225,0.235,0.245,,,,,,,0.165,22.346,50.279,83.799,117.318,156.425,201.117,256.983,312.849,368.715,,,,,,,-81.006
1000,"05/22/2023, 03:06:34 PM","05/22/2023, 04:09:00 PM",ZEN/USDT,,LONG,10,8.41,0,1,1,0.476,100,25,0.119,0,0.119,closed,8.41,8.243,8.077,7.91,8.49,8.6,8.75,8.95,9.2,9.45,9.8,10.5,11.7,,,,,,,7.67,9.512,22.592,40.428,64.209,93.936,123.662,165.279,248.514,391.201,,,,,,,-87.99
1001,"05/22/2023, 09:42:13 PM","05/24/2023, 05:36:00 AM",KLAY/USDT,,LONG,10,0.179,0,1,3,4.05,100,25,1.013,0,1.013,closed,0.179,0.175,0.171,0.168,0.181,0.182,0.184,0.187,0.192,0.199,0.21,0.225,0.245,,,,,,,0.162,8.38,16.76,27.933,44.693,72.626,111.732,173.184,256.983,368.715,,,,,,,-94.972
1002,"05/23/2023, 07:40:20 AM","05/31/2023, 06:48:00 AM",DOT/USDT,,LONG,10,5.309,0,3,2,3.414,100,75,2.561,0,2.561,closed,5.41,5.31,5.21,5.11,5.46,5.52,5.6,5.82,6,6.2,6.5,6.8,7.15,7.65,,,,,,4.93,9.242,20.333,35.12,75.786,109.057,146.026,201.479,256.932,321.627,414.048,,,,,,-88.725
1003,"05/23/2023, 11:35:22 AM","05/23/2023, 01:29:00 PM",CFX/USDT,,SHORT,10,0.322,0,1,1,0.621,100,25,0.155,0,0.155,closed,0.322,0.328,0.335,0.341,0.318,0.313,0.307,0.3,0.29,0.28,0.265,0.25,0.228,,,,,,,0.352,12.422,27.95,46.584,68.323,99.379,130.435,177.019,223.602,291.925,,,,,,,-93.168
1004,"05/24/2023, 10:29:05 AM","06/05/2023, 05:58:00 PM",TRB/USDT,,LONG,5,12.033,0,4,0,-49.587,100,100,-49.587,0,-49.587,closed,12.65,12.25,11.85,11.45,12.9,13.2,13.6,14.2,15,16,17.5,19,21,,,,,,,10.84,9.881,21.739,37.549,61.265,92.885,132.411,191.7,250.988,330.04,,,,,,,-71.542
1005,"05/25/2023, 10:45:50 AM","06/05/2023, 05:59:00 PM",MASK/USDT,,LONG,5,3.994,0,1,3,10.165,100,25,2.541,0,2.541,closed,3.994,3.829,3.665,3.5,4.1,4.3,4.6,4.9,5.3,5.8,6.5,7,7.5,8,9,,,,,3.435,13.27,38.307,75.864,113.42,163.495,226.089,313.721,376.314,438.908,501.502,626.69,,,,,-69.98
1006,"05/25/2023, 02:39:31 PM","05/29/2023, 05:37:00 PM",APE/USDT,,LONG,10,3.225,0,2,1,1.169,100,50,0.584,0,0.584,closed,3.26,3.19,3.12,3.05,3.3,3.35,3.42,3.5,3.6,3.8,4.1,4.4,4.8,5.35,,,,,,2.95,12.27,27.607,49.08,73.62,104.294,165.644,257.669,349.693,472.393,641.104,,,,,,-95.092
1007,"05/26/2023, 03:39:30 PM","06/12/2023, 10:19:00 AM",BNB/USDT,,SHORT,10,309.389,0,2,8,184.684,100,50,92.342,-0,92.342,closed,306.5,312.333,318.167,324,303,298,292,285,275,260,240,220,211,,,,,,,334.4,11.419,27.732,47.308,70.147,102.773,151.713,216.966,282.219,311.582,,,,,,,-91.028
1008,"05/27/2023, 08:52:00 AM","05/31/2023, 04:09:00 AM",DOGE/USDT,,LONG,5,0.071,0,1,1,0.28,100,25,0.07,0,0.07,closed,0.071,0.065,0.059,0.053,0.072,0.075,0.081,0.088,0.101,0.114,0.127,0.135,0.143,0.159,0.358,0.475,0.58,0.744,0.948,0.048,5.599,28.205,66.559,115.552,203.387,296.473,391.657,441.349,503.639,611.982,2005.599,2824.468,3555.851,4708.567,6132.839,-166.643
1009,"05/27/2023, 11:37:42 AM","05/31/2023, 06:57:00 AM",MANA/USDT,,LONG,5,0.468,0,1,2,1.711,100,25,0.428,0,0.428,closed,0.468,0.451,0.435,0.418,0.477,0.49,0.51,0.54,0.59,0.65,0.75,0.87,1,1.13,,,,,,0.394,10.16,24.064,45.455,77.54,131.016,195.187,302.139,430.481,569.519,708.556,,,,,,-78.61
1010,"05/28/2023, 09:06:53 AM","06/05/2023, 04:55:00 AM",FIL/USDT,,LONG,5,4.54,0,1,2,2.026,100,25,0.507,0,0.507,closed,4.54,4.451,4.361,4.272,4.573,4.875,5.043,5.275,5.453,5.657,5.785,5.956,6.275,6.435,,,,,,4.079,3.634,36.894,55.396,80.947,100.551,123.018,137.115,155.892,191.079,208.7,,,,,,-50.771
1011,"05/30/2023, 01:00:06 AM","05/31/2023, 07:01:00 AM",ROSE/USDT,,LONG,5,0.052,0,1,1,0.525,100,25,0.131,0,0.131,closed,0.052,0.05,0.048,0.047,0.054,0.055,0.056,0.058,0.061,0.065,0.07,0.077,0.085,0.093,,,,,,0.044,10.496,21.947,34.351,53.435,82.061,120.229,167.939,234.733,311.069,387.405,,,,,,-78.244
1012,"05/30/2023, 11:43:39 AM","06/05/2023, 05:16:00 PM",EGLD/USDT,,LONG,5,36.792,0,2,3,4.43,100,50,2.215,0,2.215,closed,37.1,36.49,35.88,35.27,37.5,38.25,38.97,39.84,42.13,45.24,47.14,49.34,52.17,54.26,,,,,,34.17,5.391,15.499,25.202,36.927,67.79,109.704,135.31,164.96,203.1,231.267,,,,,,-39.488
1013,"05/31/2023, 08:56:32 PM","06/22/2023, 12:49:00 PM",XMR/USDT,,SHORT,5,148.429,0,2,4,12.877,100,50,6.439,0,6.439,closed,147,149.887,152.773,155.66,144.31,140.43,135.24,129.45,124.14,118.15,112.37,104.62,99.51,90.33,,,,,,161.47,9.15,22.347,40,59.694,77.755,98.129,117.789,144.15,161.531,192.755,,,,,,-49.218
1014,"06/01/2023, 03:06:54 PM","06/05/2023, 02:33:00 PM",ICP/USDT,,LONG,5,4.69,0,1,1,0.32,100,25,0.08,0,0.08,closed,4.69,4.617,4.545,4.472,4.75,5.014,5.475,6.024,6.45,6.754,7.012,7.562,7.889,8.264,,,,,,4.312,6.397,34.542,83.689,142.217,187.633,220.043,247.548,306.183,341.045,381.023,,,,,,-40.299
1015,"06/02/2023, 10:56:26 AM","06/03/2023, 11:13:00 PM",ETC/USDT,,LONG,5,18.05,0,1,1,0.299,100,25,0.075,0,0.075,closed,18.05,17.469,16.887,16.306,18.266,18.68,19.45,21.14,24.74,28.15,32.47,35.47,39.419,,,,,,,15.322,5.983,17.452,38.781,85.596,185.319,279.778,399.446,482.548,591.939,,,,,,,-75.568
1016,"06/03/2023, 06:58:56 PM","06/05/2023, 03:04:00 PM",DYDX/USDT,,LONG,5,2.095,0,1,1,0.537,100,25,0.134,0,0.134,closed,2.095,2.017,1.938,1.86,2.14,2.2,2.3,2.42,2.56,2.8,3.1,3.4,3.94,,,,,,,1.735,10.74,25.06,48.926,77.566,110.979,168.258,239.857,311.456,440.334,,,,,,,-85.919
1017,"06/04/2023, 08:17:03 PM","06/05/2023, 05:56:00 PM",BCH/USDT,,LONG,5,114.908,0,4,0,-18.136,100,100,-18.136,0,-18.136,closed,116.5,115.447,114.393,113.34,118,122,125,127,129,131,133,136.2,,,,,,,,110.74,6.438,23.605,36.481,45.064,53.648,62.232,70.815,84.549,,,,,,,,-24.721
1018,"06/05/2023, 04:30:17 PM","06/07/2023, 04:47:00 PM",ATOM/USDT,,LONG,10,10.299,0,4,0,-62.04,100,100,-62.04,0,-62.04,closed,10.64,10.417,10.193,9.97,10.75,10.88,11,11.2,11.5,11.9,12.4,13,13.7,14.5,15.3,,,,,9.66,10.338,22.556,33.835,52.632,80.827,118.421,165.414,221.805,287.594,362.782,437.97,,,,,-92.105
1019,"06/06/2023, 01:15:06 AM","06/10/2023, 06:28:00 AM",BTC/USDT,,LONG,5,25750,0,1,3,3.155,100,25,0.789,0,0.789,closed,25750,25233.333,24716.667,24200,25950,26300,27000,27500,28000,28700,29600,30000,31000,,,,,,,23709,3.883,10.68,24.272,33.981,43.689,57.282,74.757,82.524,101.942,,,,,,,-39.631
1020,"06/06/2023, 04:20:29 PM","06/21/2023, 04:25:00 PM",ETH/USDT,,SHORT,20,1844.88,0,4,7,68.377,100,100,68.377,0,68.377,closed,1825,1838.333,1851.667,1865,1815,1805,1790,1770,1750,1720,1680,1620,1480,,,,,,,1913,10.959,21.918,38.356,60.274,82.192,115.068,158.904,224.658,378.082,,,,,,,-96.438
1021,"06/06/2023, 09:58:58 PM","06/10/2023, 06:21:00 AM",BNB/USDT,,LONG,5,270.538,0,4,0,-46.552,100,100,-46.552,0,-46.552,closed,286,276,266,256,290,294,298,309,317,323,328,334,342,351,,,,,,245.35,6.993,13.986,20.979,40.21,54.196,64.685,73.427,83.916,97.902,113.636,,,,,,-71.066
1022,"06/07/2023, 01:47:50 AM","06/10/2023, 03:43:00 AM",EOS/USDT,,LONG,10,0.87,0,3,1,1.783,100,75,1.337,0,1.337,closed,0.892,0.87,0.849,0.827,0.901,0.91,0.93,0.95,0.98,1.03,1.09,1.15,1.22,1.3,,,,,,0.798,10.09,20.179,42.601,65.022,98.655,154.709,221.973,289.238,367.713,457.399,,,,,,-105.381
1023,"06/07/2023, 03:37:35 PM","06/10/2023, 06:22:00 AM",HBAR/USDT,,LONG,5,0.048,0,4,0,-38.012,100,100,-38.012,0,-38.012,closed,0.049,0.048,0.047,0.046,0.05,0.054,0.06,0.066,0.07,0.074,0.079,0.083,0.09,0.098,,,,,,0.044,7.279,50.546,105.237,168.924,204.711,250.809,299.939,344.015,406.996,486.049,,,,,,-53.478
1024,"06/08/2023, 06:31:10 PM","06/10/2023, 03:49:00 AM",LTC/USDT,,LONG,10,87.774,0,2,1,1.04,100,50,0.52,0,0.52,closed,88.7,86.867,85.033,83.2,89.6,90.6,92,94,97,100,104,108,113,118.2,,,,,,80.1,10.147,21.421,37.204,59.752,93.574,127.396,172.492,217.587,273.957,332.582,,,,,,-96.956
1025,"06/09/2023, 06:00:33 PM","06/10/2023, 04:44:00 AM",MATIC/USDT,,LONG,5,0.74,0,4,0,-33.918,100,100,-33.918,0,-33.918,closed,0.763,0.748,0.733,0.718,0.782,0.843,0.881,0.922,0.952,1.006,1.07,1.159,,,,,,,,0.69,12.579,52.149,76.847,104.232,123.821,159.002,200.734,259.434,,,,,,,,-47.89
1026,"06/09/2023, 07:38:30 PM","06/10/2023, 06:21:00 AM",KLAY/USDT,,LONG,10,0.158,0,4,0,-75.208,100,100,-75.208,0,-75.208,closed,0.164,0.16,0.156,0.152,0.166,0.168,0.17,0.174,0.179,0.188,0.2,0.212,0.227,,,,,,,0.146,9.146,21.341,36.585,60.976,91.463,146.341,219.512,292.683,384.146,,,,,,,-109.756
1027,"06/10/2023, 07:14:38 PM","06/10/2023, 08:24:00 PM",JASMY/USDT,,LONG,5,0.003,0,1,1,0.326,100,25,0.081,0,0.081,closed,0.003,0.003,0.003,0.003,0.004,0.004,0.004,0.004,0.005,0.005,0.006,0.006,0.007,0.008,,,,,,0.003,6.512,21.129,50.651,70.912,176.411,245.152,306.946,393.632,521.129,657.308,,,,,,-118.234
1028,"06/10/2023, 08:20:50 PM","06/12/2023, 12:39:00 AM",ETH/USDT,,LONG,10,1752,0,1,1,0.514,100,25,0.128,0,0.128,closed,1752,1713,1674,1635,1770,1790,1820,1850,1890,1950,2050,2150,2260,2380,,,,,,1582,10.274,21.689,38.813,55.936,78.767,113.014,170.091,227.169,289.954,358.447,,,,,,-97.032
1029,"06/10/2023, 08:56:43 PM","06/11/2023, 02:11:00 AM",LINA/USDT,,LONG,5,0.01,0,1,1,0.505,100,25,0.126,0,0.126,closed,0.01,0.01,0.009,0.009,0.01,0.01,0.011,0.011,0.012,0.012,0.013,0.014,0.017,0.023,0.19,,,,,0.008,10.101,20.202,35.354,55.556,80.808,116.162,156.566,217.172,333.333,676.768,9095.96,,,,,-78.283
1030,"06/12/2023, 05:40:36 AM","06/13/2023, 05:26:00 PM",KLAY/USDT,,LONG,10,0.152,0,1,2,1.974,100,25,0.493,0,0.493,closed,0.152,0.148,0.144,0.14,0.154,0.156,0.159,0.163,0.168,0.175,0.185,0.2,0.215,0.23,,,,,,0.135,13.158,26.316,46.053,72.368,105.263,151.316,217.105,315.789,414.474,513.158,,,,,,-110.526
1031,"06/12/2023, 03:16:44 PM",,UNI/USDT,,LONG,5,4.14,0,1,6,220.757,100,25,14.404,40.785,55.189,open,4.14,3.924,3.709,3.493,4.22,4.4,4.7,5.124,5.759,6.457,6.89,7.45,8.19,8.97,9.343,,,,,3.296,9.662,31.401,67.633,118.841,195.531,279.831,332.126,399.758,489.13,583.333,628.382,,,,,-101.932
1031,"06/12/2023, 06:04:09 PM","06/13/2023, 03:11:00 PM",ADA/USDT,,LONG,5,0.277,0,1,1,0.542,100,25,0.135,0,0.135,closed,0.277,0.267,0.257,0.247,0.283,0.29,0.3,0.315,0.335,0.36,0.39,0.43,0.47,0.51,0.56,,,,,0.23,10.83,23.466,41.516,68.592,104.693,149.819,203.971,276.173,348.375,420.578,510.83,,,,,-84.838
1032,"06/13/2023, 11:52:46 PM","06/14/2023, 09:51:00 PM",SAND/USDT,,LONG,5,0.386,0,1,1,0.518,100,25,0.13,0,0.13,closed,0.386,0.371,0.355,0.34,0.394,0.404,0.415,0.43,0.45,0.49,0.54,0.6,0.68,0.77,,,,,,0.318,10.363,23.316,37.565,56.995,82.902,134.715,199.482,277.202,380.829,497.409,,,,,,-88.083
1033,"06/14/2023, 05:08:52 PM","06/14/2023, 08:07:00 PM",GRT/USDT,,LONG,5,0.099,0,1,1,0.328,100,25,0.082,0,0.082,closed,0.099,0.096,0.093,0.09,0.101,0.104,0.11,0.121,0.138,0.149,0.159,0.168,0.175,,,,,,,0.087,6.552,24.194,54.94,107.359,195.06,249.496,300.907,347.782,381.502,,,,,,,-59.879
1034,"06/15/2023, 06:54:43 AM","06/15/2023, 10:30:00 PM",ETH/USDT,,LONG,10,1654,0,1,1,0.484,100,25,0.121,0,0.121,closed,1654,1616,1578,1540,1670,1690,1710,1750,1810,1880,1980,2100,2240,2430,,,,,,1487.9,9.674,21.765,33.857,58.041,94.317,136.638,197.098,269.649,354.293,469.166,,,,,,-100.423
1035,"06/15/2023, 04:50:49 PM","06/21/2023, 05:16:00 PM",INJ/USDT,,LONG,5,5.72,0,1,8,89.292,100,25,22.323,0,22.323,closed,5.72,5.52,5.32,5.12,5.82,5.93,6.07,6.2,6.35,6.6,6.95,7.3,7.7,8.1,9,9.97,,,,4.78,8.741,18.357,30.594,41.958,55.07,76.923,107.517,138.112,173.077,208.042,286.713,371.503,,,,-82.168
1036,"06/16/2023, 08:53:09 AM","06/19/2023, 02:55:00 AM",ID/USDT,,LONG,5,0.285,0,2,1,1.026,100,50,0.513,0,0.513,closed,0.292,0.279,0.267,0.255,0.297,0.305,0.315,0.325,0.337,0.36,0.39,0.43,0.47,0.53,,,,,,0.238,9.434,23.156,40.309,57.461,78.045,117.496,168.954,237.564,306.175,409.091,,,,,,-91.767
1037,"06/17/2023, 08:22:22 PM",,EGLD/USDT,,LONG,5,30.468,0,2,4,38.062,100,50,10.747,8.284,19.031,open,31,29.953,28.907,27.86,32,33,35,37,40,43,48,53,57,60.58,,,,,,26.71,16.129,32.258,64.516,96.774,145.161,193.548,274.194,354.839,419.355,477.097,,,,,,-69.194
1038,"06/17/2023, 08:33:31 PM","07/22/2023, 04:51:00 AM",TRX/USDT,,LONG,5,0.07,0,3,8,66.905,100,75,50.179,0,50.179,closed,0.071,0.07,0.069,0.068,0.072,0.073,0.075,0.076,0.078,0.079,0.082,0.083,0.086,,,,,,,0.067,5.812,13.025,23.669,33.123,42.787,55.462,72.479,82.073,101.471,,,,,,,-33.403
1039,"06/19/2023, 10:36:01 PM","06/20/2023, 07:52:00 AM",SOL/USDT,,LONG,5,15.95,0,1,1,0.549,100,25,0.137,0,0.137,closed,15.95,15.433,14.917,14.4,16.3,16.8,17.5,18.5,20,21.5,23.5,26,28.5,31.7,,,,,,13.3,10.972,26.646,48.589,79.937,126.959,173.981,236.677,315.047,393.417,493.73,,,,,,-83.072
1040,"06/20/2023, 06:19:54 PM","06/28/2023, 09:30:00 PM",FIL/USDT,,LONG,5,3.681,0,2,5,14.399,100,50,7.2,0,7.2,closed,3.7,3.663,3.625,3.588,3.747,3.819,3.914,4.083,4.221,4.355,4.478,4.63,4.846,5.094,,,,,,3.533,6.351,16.081,28.919,51.757,70.405,88.514,105.135,125.676,154.865,188.378,,,,,,-22.568
1041,"06/20/2023, 08:30:45 PM",,ONT/USDT,,LONG,5,0.17,0,1,6,68.348,100,25,7.393,9.694,17.087,open,0.17,0.162,0.155,0.147,0.173,0.177,0.182,0.188,0.2,0.22,0.24,0.26,0.285,0.315,,,,,,0.138,10.324,22.124,36.873,54.572,89.971,148.968,207.965,266.962,340.708,429.204,,,,,,-92.92
1042,"06/21/2023, 09:08:12 PM","06/22/2023, 01:09:00 PM",REN/USDT,,LONG,5,0.06,0,1,2,1.661,100,25,0.415,0,0.415,closed,0.06,0.058,0.056,0.053,0.061,0.063,0.065,0.067,0.069,0.073,0.078,0.085,0.095,0.104,,,,,,0.051,9.967,23.256,35.714,52.326,73.09,106.312,147.841,205.98,289.037,363.787,,,,,,-80.565
1043,"06/22/2023, 06:14:35 AM","06/28/2023, 09:30:00 PM",ETC/USDT,,LONG,5,16.944,0,2,4,15.431,100,50,7.716,0,7.716,closed,17.28,16.62,15.96,15.3,17.62,18.1,18.7,19.5,20.5,22,24,27,30,32.65,,,,,,14.23,9.838,23.727,41.088,64.236,93.171,136.574,194.444,281.25,368.056,444.734,,,,,,-88.252
1044,"06/22/2023, 07:13:59 PM","06/28/2023, 09:30:00 PM",DOT/USDT,,LONG,5,4.84,0,1,3,5.32,100,25,1.33,0,1.33,closed,4.84,4.673,4.507,4.34,4.94,5.05,5.2,5.35,5.55,5.8,6.1,6.5,7,7.5,8.1,8.67,,,,4.08,10.331,21.694,37.19,52.686,73.347,99.174,130.165,171.488,223.14,274.793,336.777,395.661,,,,-78.512
1045,"06/23/2023, 01:49:48 AM","06/24/2023, 12:10:00 AM",INJ/USDT,,LONG,5,6.99,0,1,3,5.057,100,25,1.264,0,1.264,closed,6.99,6.768,6.547,6.325,7.14,7.298,7.468,7.876,8.125,8.298,8.452,8.59,8.768,9.2,9.938,,,,,6.107,10.73,22.031,34.192,63.376,81.187,93.562,104.578,114.449,127.182,158.083,210.873,,,,,-63.162
1046,"06/23/2023, 07:08:45 PM","07/05/2023, 12:38:00 PM",AGIX/USDT,,LONG,5,0.237,0,4,2,5.361,100,100,5.361,0,5.361,closed,0.254,0.243,0.232,0.221,0.259,0.265,0.274,0.285,0.3,0.32,0.34,0.37,0.4,0.455,,,,,,0.209,10.848,22.682,40.434,62.13,91.716,131.164,170.611,229.783,288.955,397.436,,,,,,-88.166
1047,"06/24/2023, 10:26:19 AM","06/30/2023, 05:07:00 AM",LTC/USDT,,SHORT,5,91.1,0,1,4,7.931,100,25,1.983,0,1.983,closed,91.1,95.067,99.033,103,90,88.7,86.5,83,79,74,70,64,,,,,,,,107.48,6.037,13.172,25.247,44.457,66.411,93.853,115.807,148.738,,,,,,,,-89.901
1048,"06/24/2023, 06:40:01 PM","06/24/2023, 06:41:00 PM",WAVES/USDT,,SHORT,10,2.82,0,1,1,0.532,100,25,0.133,0,0.133,closed,2.82,2.883,2.947,3.01,2.79,2.76,2.72,2.67,2.6,2.5,2.35,2.2,2,1.8,1.67,,,,,3.105,10.638,21.277,35.461,53.191,78.014,113.475,166.667,219.858,290.78,361.702,407.801,,,,,-101.064
1049,"06/25/2023, 11:14:23 PM","06/29/2023, 03:13:00 PM",COMP/USDT,,LONG,5,37.502,0,2,8,128.761,100,50,64.38,0,64.38,closed,38.25,36.783,35.317,33.85,39,40,41.2,42.5,44,46,49,52,56,61,67,73,,,,31.2,9.804,22.876,38.562,55.556,75.163,101.307,140.523,179.739,232.026,297.386,375.817,454.248,,,,-92.157
1050,"06/26/2023, 03:33:34 AM","06/26/2023, 03:51:00 AM",ICP/USDT,,SHORT,5,0,0,0,0,0,100,0,0,0,0,closed,4.255,4.379,4.503,4.627,4.22,4.17,4.1,4.03,3.9,3.78,3.66,3.4,3.22,3.05,,,,,,4.73,4.113,9.988,18.214,26.439,41.716,55.817,69.918,100.47,121.622,141.598,,,,,,-55.817
1051,"06/26/2023, 05:13:33 PM","07/05/2023, 05:31:00 PM",BAND/USDT,,LONG,5,1.239,0,3,1,1.836,100,75,1.377,0,1.377,closed,1.307,1.241,1.176,1.11,1.33,1.36,1.4,1.45,1.51,1.6,1.7,1.85,2,2.2,2.48,,,,,1.048,8.799,20.275,35.578,54.705,77.659,112.089,150.344,207.728,265.111,341.622,448.738,,,,,-99.082
1052,"06/27/2023, 10:19:42 AM","06/29/2023, 09:16:00 PM",DOT/USDT,,LONG,5,4.968,0,3,2,2.28,100,75,1.71,0,1.71,closed,5.1,4.971,4.841,4.712,5.16,5.23,5.3,5.4,5.55,5.75,6,6.25,6.55,6.94,,,,,,4.576,5.882,12.745,19.608,29.412,44.118,63.725,88.235,112.745,142.157,180.392,,,,,,-51.373
1053,"06/28/2023, 09:52:58 PM","07/13/2023, 07:39:00 PM",ETH/USDT,,SHORT,10,1876.832,0,4,0,-64.027,100,100,-64.027,0,-64.027,closed,1830,1861.667,1893.333,1925,1812,1795,1775,1750,1710,1650,1580,1500,1400,1300,,,,,,1997,9.836,19.126,30.055,43.716,65.574,98.361,136.612,180.328,234.973,289.617,,,,,,-91.257
1053,"06/28/2023, 10:09:15 PM","06/29/2023, 02:12:00 PM",BCH/USDT,,SHORT,10,231.275,0,4,0,-67.126,100,100,-67.126,0,-67.126,closed,224.2,229,233.8,238.6,222,219,216,212,207,202,195,185,175,163,150,135,,,,246.8,9.813,23.194,36.574,54.416,76.717,99.019,130.241,174.844,219.447,272.971,330.955,397.859,,,,-100.803
1054,"06/30/2023, 03:30:01 PM","07/13/2023, 08:03:00 PM",MATIC/USDT,,LONG,5,0.64,0,4,8,124.309,100,100,124.309,0,124.309,closed,0.668,0.65,0.632,0.614,0.681,0.695,0.715,0.74,0.77,0.8,0.832,0.857,0.876,0.904,,,,,,0.586,9.731,20.21,35.18,53.892,76.347,98.802,122.53,141.766,155.763,176.497,,,,,,-61.751
1055,"06/30/2023, 07:20:57 PM","07/01/2023, 12:40:00 PM",LTC/USDT,,LONG,3,106.669,0,2,1,0.89,100,50,0.445,0,0.445,closed,110,103.533,97.067,90.6,113,116,120,132,140,148,158,170,185,200,220,,,,,80.98,8.182,16.364,27.273,60,81.818,103.636,130.909,163.636,204.545,245.455,300,,,,,-79.145
1056,"06/30/2023, 09:35:31 PM","07/02/2023, 11:35:00 AM",BCH/USDT,,SHORT,10,307.272,0,3,6,33.43,100,75,25.073,0,25.073,closed,302,307.333,312.667,318,298,294,290,286,278,268,255,240,220,200,178,152,,,,329.4,13.245,26.49,39.735,52.98,79.47,112.583,155.629,205.298,271.523,337.748,410.596,496.689,,,,-90.728
1057,"07/01/2023, 10:38:08 AM","07/02/2023, 10:24:00 AM",AVAX/USDT,,SHORT,5,12.91,0,1,1,0.343,100,25,0.086,0,0.086,closed,12.91,13.228,13.546,13.864,12.733,12.605,12.108,11.475,10.978,10.748,10.485,9.862,,,,,,,,14.333,6.855,11.813,31.061,55.577,74.826,83.734,93.919,118.048,,,,,,,,-55.112
1058,"07/01/2023, 05:19:17 PM","07/04/2023, 09:14:00 PM",ID/USDT,,LONG,5,0.281,0,2,2,3.428,100,50,1.714,0,1.714,closed,0.287,0.276,0.264,0.253,0.296,0.305,0.315,0.33,0.35,0.37,0.4,0.43,0.47,0.515,,,,,,0.241,15.679,31.359,48.78,74.913,109.756,144.599,196.864,249.129,318.815,397.213,,,,,,-81.01
1059,"07/02/2023, 09:45:46 AM","07/06/2023, 04:10:00 PM",SXP/USDT,,LONG,5,0.374,0,2,2,3.09,100,50,1.545,0,1.545,closed,0.385,0.365,0.344,0.324,0.392,0.403,0.437,0.497,0.572,0.637,0.695,0.782,0.894,0.983,,,,,,0.313,9.618,23.655,68.495,146.348,243.306,328.438,402.911,516.116,661.554,777.489,,,,,,-93.579
1060,"07/02/2023, 05:22:03 PM","07/03/2023, 02:02:00 PM",VET/USDT,,LONG,5,0.02,0,1,1,0.491,100,25,0.123,0,0.123,closed,0.02,0.02,0.019,0.018,0.021,0.021,0.022,0.023,0.024,0.026,0.028,0.031,0.034,0.039,,,,,,0.017,9.828,20.885,35.627,60.197,89.681,138.821,187.961,261.671,335.381,458.231,,,,,,-90.909
1061,"07/03/2023, 01:51:47 PM","07/03/2023, 07:14:00 PM",XLM/USDT,,SHORT,5,0.107,0,1,1,0.235,100,25,0.059,0,0.059,closed,0.107,0.109,0.112,0.115,0.106,0.104,0.102,0.099,0.095,0.092,0.087,0.083,0.079,0.076,,,,,,0.121,4.695,9.906,22.254,34.272,55.023,69.249,92.77,109.671,126.901,144.695,,,,,,-67.324
1062,"07/03/2023, 11:51:25 PM","07/06/2023, 11:00:00 AM",ETH/USDT,,SHORT,10,1955,0,1,2,1.662,100,25,0.416,0,0.416,closed,1955,1998.333,2041.667,2085,1935,1910,1880,1840,1790,1700,1600,1490,1390,1300,,,,,,2159.5,10.23,23.018,38.363,58.824,84.399,130.435,181.586,237.852,289.003,335.038,,,,,,-104.604
1063,"07/04/2023, 11:34:26 AM","07/04/2023, 03:14:00 PM",AGIX/USDT,,LONG,5,0.259,0,1,1,0.183,100,25,0.046,0,0.046,closed,0.259,0.248,0.236,0.225,0.261,0.269,0.28,0.299,0.348,0.38,0.397,0.447,0.498,0.56,,,,,,0.206,3.669,19.312,39.784,76.477,171.109,232.908,267.478,364.04,460.796,581.112,,,,,,-101.97
1064,"07/04/2023, 09:11:40 PM","07/04/2023, 09:14:00 PM",BTC/USDT,,SHORT,20,0,0,0,0,0,100,0,0,0,0,closed,30850,31150,31450,31750,30700,30500,30250,29900,29500,29000,28200,27200,26000,24900,,,,,,32406,9.724,22.69,38.898,61.588,87.52,119.935,171.799,236.629,314.425,385.737,,,,,,-100.875
1065,"07/05/2023, 08:46:01 PM","07/05/2023, 09:52:00 PM",FIL/USDT,,LONG,5,4.708,0,1,1,0.25,100,25,0.062,-0,0.062,closed,4.708,4.51,4.313,4.115,4.755,4.905,5.125,5.475,5.895,6.257,6.574,6.785,7.457,7.9,8.578,,,,,3.957,4.992,20.922,44.286,81.457,126.062,164.507,198.173,220.582,291.95,338.997,411.003,,,,,-79.758
1066,"07/06/2023, 06:53:18 PM","07/07/2023, 03:54:00 AM",LTC/USDT,,SHORT,10,97.1,0,1,2,1.596,100,25,0.399,0,0.399,closed,97.1,99.333,101.567,103.8,96.1,95,93.7,92.5,91,89,86,82,78,72,,,,,,107.5,10.299,21.627,35.015,47.374,62.822,83.419,114.315,155.51,196.704,258.496,,,,,,-107.106
1067,"07/07/2023, 12:33:15 PM","07/09/2023, 09:41:00 AM",DOGE/USDT,,LONG,5,0.065,0,1,1,0.252,100,25,0.063,0,0.063,closed,0.065,0.064,0.062,0.06,0.066,0.067,0.068,0.07,0.073,0.075,0.077,0.08,0.08,,,,,,,0.057,5.046,11.391,17.966,34.021,55.428,74.694,89.908,109.709,113.685,,,,,,,-63.303
1068,"07/08/2023, 01:46:14 PM","07/08/2023, 10:03:00 PM",NEAR/USDT,,LONG,5,1.365,0,1,2,0.549,100,25,0.137,0,0.137,closed,1.365,1.306,1.247,1.188,1.375,1.385,1.425,1.517,1.624,1.715,1.825,1.937,2.01,2.355,,,,,,1.083,3.663,7.326,21.978,55.678,94.872,128.205,168.498,209.524,236.264,362.637,,,,,,-103.297
1069,"07/10/2023, 05:14:51 PM",,THETA/USDT,,LONG,5,0.722,0,1,5,35.709,100,25,3.875,5.053,8.927,open,0.722,0.695,0.667,0.64,0.736,0.75,0.77,0.8,0.85,0.91,1,1.12,1.24,1.34,1.47,,,,,0.606,9.695,19.391,33.241,54.017,88.643,130.194,192.521,275.623,358.726,427.978,518.006,,,,,-80.332
1070,"07/11/2023, 02:19:56 PM","07/12/2023, 05:51:00 PM",ALGO/USDT,,LONG,5,0.109,0,2,1,0.545,100,50,0.272,0,0.272,closed,0.11,0.107,0.105,0.102,0.111,0.113,0.114,0.12,0.125,0.128,0.13,0.134,0.137,0.141,,,,,,0.099,4.545,13.636,18.182,45.455,67.273,80.909,90.455,107.273,121.818,139.091,,,,,,-49.545
1071,"07/11/2023, 06:45:41 PM","07/13/2023, 07:36:00 PM",XRP/USDT,,LONG,5,0.474,0,1,8,130.432,100,25,32.608,0,32.608,closed,0.474,0.458,0.442,0.426,0.484,0.495,0.51,0.53,0.55,0.58,0.62,0.67,0.72,0.78,0.865,,,,,0.395,10.549,22.152,37.975,59.072,80.169,111.814,154.008,206.751,259.494,322.785,412.447,,,,,-83.333
1072,"07/12/2023, 03:41:30 PM","07/14/2023, 08:21:00 PM",BNB/USDT,,LONG,5,246.8,0,1,2,1.54,100,25,0.385,0,0.385,closed,246.8,238.033,229.267,220.5,251.8,257,263,270,278,288,300,320,345,375,410,462,,,,208.9,10.13,20.665,32.82,47.002,63.209,83.468,107.78,148.298,198.947,259.724,330.632,435.981,,,,-76.783
1073,"07/13/2023, 04:08:48 PM","07/16/2023, 09:41:00 PM",ID/USDT,,LONG,5,0.262,0,1,4,10.305,100,25,2.576,0,2.576,closed,0.262,0.253,0.243,0.234,0.267,0.273,0.28,0.29,0.3,0.32,0.35,0.38,0.42,0.47,0.52,,,,,0.22,9.542,20.992,34.351,53.435,72.519,110.687,167.939,225.191,301.527,396.947,492.366,,,,,-80.153
1074,"07/13/2023, 05:24:47 PM","07/13/2023, 08:06:00 PM",BCH/USDT,,SHORT,10,286.314,0,2,2,2.345,100,50,1.173,0,1.173,closed,284,288.667,293.333,298,281.2,278,274,269,260,250,235,220,200,169,,,,,,312,9.859,21.127,35.211,52.817,84.507,119.718,172.535,225.352,295.775,404.93,,,,,,-98.592
1075,"07/14/2023, 04:54:05 PM",,ATOM/USDT,,LONG,5,9.35,0,4,0,-27.128,100,100,0,-27.128,-27.128,open,10.02,9.59,9.16,8.73,10.2,10.4,10.7,11,11.4,12,13,14.5,16,18,19.65,,,,,8.12,8.982,18.962,33.932,48.902,68.862,98.802,148.703,223.553,298.403,398.204,480.539,,,,,-94.81
1076,"07/14/2023, 10:17:18 PM","07/17/2023, 12:55:00 PM",ETH/USDT,,SHORT,10,1910,0,1,1,0.524,100,25,0.131,0,0.131,closed,1910,1948.333,1986.667,2025,1890,1870,1840,1800,1750,1700,1680,1600,1500,1400,1300,,,,,2083.4,10.471,20.942,36.649,57.592,83.77,109.948,120.419,162.304,214.66,267.016,319.372,,,,,-90.785
1077,"07/15/2023, 12:54:27 PM","07/15/2023, 03:58:00 PM",INJ/USDT,,SHORT,10,9.14,0,1,1,0.547,100,25,0.137,-0,0.137,closed,9.14,9.33,9.52,9.71,9.04,8.9,8.75,8.6,8.4,8.1,7.6,7.1,6.6,6,5.5,,,,,10.11,10.941,26.258,42.67,59.081,80.963,113.786,168.49,223.195,277.899,343.545,398.249,,,,,-106.127
1078,"07/16/2023, 11:51:10 AM","07/16/2023, 11:58:00 AM",MKR/USDT,,LONG,5,0,0,0,0,0,100,0,0,0,0,closed,960,903,846,789,975,989,1015,1050,1100,1250,1500,1800,2200,2447,,,,,,748.6,7.813,15.104,28.646,46.875,72.917,151.042,281.25,437.5,645.833,774.479,,,,,,-110.104
1079,"07/16/2023, 12:25:20 PM","07/17/2023, 11:51:00 AM",PEOPLE/USDT,,LONG,5,0.014,0,1,1,0.534,100,25,0.133,0,0.133,closed,0.014,0.013,0.013,0.012,0.014,0.015,0.015,0.016,0.016,0.017,0.018,0.02,0.023,0.026,,,,,,0.012,10.676,23.132,37.367,55.16,76.512,104.982,140.569,211.744,318.505,425.267,,,,,,-89.324
1080,"07/17/2023, 12:00:10 PM","07/17/2023, 01:04:00 PM",BTC/USDT,,SHORT,20,30180,0,1,1,0.596,100,25,0.149,0,0.149,closed,30180,30553.333,30926.667,31300,30000,29800,29500,29100,28400,27500,26400,25500,24900,,,,,,,31885,11.928,25.182,45.063,71.571,117.959,177.601,250.497,310.139,349.901,,,,,,,-112.989
