signalId,date open,date closed,coin,exchange,direction,leverage,avgEntryPrice,avgTpValue,maxReachedEntry,maxReachedTp,pnl,allocatedAmount,spentAmount,realizedProfit,unrealizedProfit,totalProfit,status,EP1,EP2,EP3,EP4,TP1,TP2,TP3,TP4,TP5,TP6,TP7,TP8,stopLoss,TP Pot. Profit 1,TP Pot. Profit 2,TP Pot. Profit 3,TP Pot. Profit 4,TP Pot. Profit 5,TP Pot. Profit 6,TP Pot. Profit 7,TP Pot. Profit 8,potentialLoss
STORJUSDT:LONG:0.3995,"04/16/2023, 08:41:57 PM","04/17/2023, 02:39:00 AM",STORJUSDT,Bybit USDT,LONG,10,0.406,0,4,0,-15.387,100,100,-15.387,0,-15.387,closed,0.408,0.407,0.405,0.404,0.424,0.431,0.449,0.474,0.5,0.525,0.554,0.574,0.4,39.216,55.147,99.265,160.539,225.49,285.539,356.618,406.863,-20.833
MINAUSDT:LONG:0.8112,"04/16/2023, 09:00:57 PM","04/16/2023, 10:04:00 PM",MINAUSDT,Bybit USDT,LONG,10,0.824,0,4,0,-15.221,100,100,-15.221,0,-15.221,closed,0.828,0.825,0.822,0.82,0.861,0.874,0.911,0.961,1.015,1.065,1.123,1.165,0.811,40.222,55.321,100.495,160.768,226.114,286.387,356.806,407.054,-20.172
BNBUSDT:LONG:339.19,"04/16/2023, 10:00:25 PM","04/17/2023, 04:42:00 PM",BNBUSDT,Binance Futures,LONG,10,344.405,0,4,0,-15.142,100,100,-15.142,0,-15.142,closed,346.15,344.99,343.83,342.67,360.06,365.28,380.93,401.81,424.42,445.29,469.65,487.04,339.19,40.185,55.265,100.477,160.797,226.116,286.408,356.782,407.02,-20.107
LTCUSDT:LONG:98.48,"04/16/2023, 10:00:27 PM","04/17/2023, 02:36:00 AM",LTCUSDT,Bybit USDT,LONG,10,99.994,0,4,0,-15.137,100,100,-15.137,0,-15.137,closed,100.5,100.163,99.827,99.49,104.54,106.06,110.6,116.66,123.23,129.29,136.36,141.41,98.48,40.199,55.323,100.498,160.796,226.169,286.468,356.816,407.065,-20.1
KNCUSDT:LONG:0.7726,"04/16/2023, 10:00:29 PM","04/17/2023, 03:01:00 AM",KNCUSDT,Binance Futures,LONG,10,0.785,0,4,0,-15.218,100,100,-15.218,0,-15.218,closed,0.789,0.786,0.783,0.781,0.82,0.832,0.868,0.915,0.967,1.014,1.07,1.11,0.773,40.203,55.295,100.444,160.812,226.126,286.493,356.753,407.102,-20.165
CVXUSDT:LONG:5.935,"04/16/2023, 10:00:32 PM","04/17/2023, 02:52:00 AM",CVXUSDT,Bybit USDT,LONG,10,6.027,0,4,0,-15.33,100,100,-15.33,0,-15.33,closed,6.06,6.038,6.017,5.995,6.3,6.39,6.665,7.03,7.425,7.795,8.22,8.525,5.935,39.604,54.455,99.835,160.066,225.248,286.304,356.436,406.766,-20.627
SOLUSDT:LONG:24.764,"04/16/2023, 11:00:22 PM","04/17/2023, 01:35:00 PM",SOLUSDT,Binance Futures,LONG,10,25.145,0,4,0,-15.138,100,100,-15.138,0,-15.138,closed,25.272,25.187,25.103,25.018,26.287,26.668,27.811,29.335,30.986,32.51,34.288,35.558,24.764,40.163,55.239,100.467,160.771,226.1,286.404,356.758,407.012,-20.101
XLMUSDT:LONG:0.10485,"04/16/2023, 11:00:27 PM","04/17/2023, 12:02:00 PM",XLMUSDT,Bybit USDT,LONG,10,0.106,0,4,0,-15.016,100,100,-15.016,0,-15.016,closed,0.107,0.107,0.106,0.106,0.111,0.113,0.118,0.124,0.131,0.138,0.145,0.151,0.105,40.187,55.14,100.467,160.748,226.168,286.449,356.542,407.009,-20.093
ICPUSDT:LONG:5.975,"04/17/2023, 01:00:27 AM","04/17/2023, 02:29:00 AM",ICPUSDT,Bybit USDT,LONG,10,6.067,0,4,0,-15.231,100,100,-15.231,0,-15.231,closed,6.098,6.078,6.057,6.037,6.343,6.435,6.711,7.078,7.477,7.845,8.274,8.58,5.975,40.177,55.264,100.525,160.708,226.14,286.487,356.838,407.019,-20.171
CELRUSDT:LONG:0.02825,"04/17/2023, 03:00:36 AM","04/17/2023, 05:04:00 AM",CELRUSDT,Binance Futures,LONG,10,0.029,0,3,1,21.751,100,75,16.313,0,16.313,closed,0.029,0.029,0.029,0.029,0.03,0.03,0.032,0.033,0.035,0.037,0.039,0.041,0.028,39.875,54.785,100.208,160.541,225.728,286.061,356.449,406.727,-20.458
ANTUSDT:LONG:3.35,"04/17/2023, 03:00:39 AM","04/17/2023, 10:45:00 AM",ANTUSDT,Bybit USDT,LONG,10,0,0,0,0,0,100,0,0,0,0,closed,3.425,3.412,3.398,3.385,3.56,3.61,3.765,3.97,4.195,4.4,4.64,4.815,3.35,39.416,54.015,99.27,159.124,224.818,284.672,354.745,405.839,-21.898
XMRUSDT:LONG:158.65,"04/17/2023, 04:00:30 AM","04/18/2023, 02:37:00 AM",XMRUSDT,Bybit USDT,LONG,10,161.123,0,4,0,-15.346,100,100,-15.346,0,-15.346,closed,161.95,161.4,160.85,160.3,168.4,170.85,178.2,187.95,198.55,208.3,219.7,227.85,158.65,39.827,54.955,100.34,160.543,225.996,286.199,356.592,406.916,-20.377
THETAUSDT:LONG:1.0829,"04/17/2023, 04:00:43 AM","04/19/2023, 10:22:00 AM",THETAUSDT,Binance Futures,LONG,10,1.1,0,4,3,39.395,100,100,39.395,0,39.395,closed,1.105,1.101,1.098,1.094,1.15,1.166,1.216,1.283,1.355,1.422,1.499,1.555,1.083,40.177,55.289,100.534,160.8,226.133,286.399,356.8,407.022,-20.089
ENSUSDT:LONG:13.837,"04/17/2023, 04:00:47 AM","04/19/2023, 10:09:00 AM",ENSUSDT,Binance Futures,LONG,10,14.05,0,4,1,22.712,100,100,22.712,0,22.712,closed,14.121,14.074,14.026,13.979,14.688,14.901,15.54,16.391,17.314,18.165,19.159,19.868,13.837,40.153,55.237,100.489,160.753,226.117,286.382,356.774,406.983,-20.112
AVAXUSDT:LONG:20.295,"04/17/2023, 07:00:24 AM","04/17/2023, 01:34:00 PM",AVAXUSDT,Binance Futures,LONG,10,20.607,0,4,0,-15.15,100,100,-15.15,0,-15.15,closed,20.712,20.642,20.573,20.503,21.544,21.856,22.793,24.042,25.395,26.644,28.101,29.142,20.295,40.17,55.234,100.473,160.776,226.101,286.404,356.75,407.01,-20.133
AUDIOUSDT:LONG:0.3826,"04/17/2023, 12:00:27 PM","04/17/2023, 12:36:00 PM",AUDIOUSDT,Binance Futures,LONG,10,0.389,0,4,0,-15.3,100,100,-15.3,0,-15.3,closed,0.391,0.389,0.388,0.387,0.406,0.412,0.43,0.453,0.479,0.502,0.53,0.55,0.383,40.205,55.314,100.384,160.819,226.12,286.556,356.722,407.17,-20.23
TRBUSDT:LONG:15.57,"04/17/2023, 01:00:33 PM","04/17/2023, 05:45:00 PM",TRBUSDT,Binance Futures,LONG,10,15.81,0,4,0,-15.166,100,100,-15.166,0,-15.166,closed,15.89,15.837,15.783,15.73,16.52,16.76,17.48,18.44,19.48,20.44,21.55,22.35,15.57,39.648,54.751,100.063,160.478,225.928,286.344,356.199,406.545,-20.138
MAGICUSDT:LONG:1.4825,"04/17/2023, 02:00:22 PM","04/18/2023, 03:16:00 AM",MAGICUSDT,Binance Futures,LONG,10,1.505,0,4,0,-15.165,100,100,-15.165,0,-15.165,closed,1.513,1.508,1.503,1.498,1.574,1.597,1.665,1.756,1.855,1.946,2.053,2.129,1.483,40.185,55.254,100.463,160.74,226.107,286.385,356.775,407.006,-20.159
KSMUSDT:LONG:35.34,"04/17/2023, 02:00:29 PM","04/19/2023, 10:10:00 AM",KSMUSDT,Binance Futures,LONG,10,35.884,0,4,1,22.649,100,100,22.649,0,22.649,closed,36.07,35.947,35.823,35.7,37.51,38.06,39.69,41.86,44.22,46.4,48.93,50.75,35.34,39.922,55.171,100.36,160.521,225.95,286.388,356.529,406.986,-20.238
OGNUSDT:LONG:0.1277,"04/17/2023, 04:00:29 PM","04/19/2023, 10:10:00 AM",OGNUSDT,Binance Futures,LONG,10,0.13,0,4,1,22.568,100,100,22.568,0,22.568,closed,0.13,0.13,0.129,0.129,0.136,0.138,0.143,0.151,0.16,0.168,0.177,0.183,0.128,39.908,55.257,100.537,161.167,226.401,286.262,356.869,407.521,-19.954
DGBUSDT:LONG:0.00975,"04/17/2023, 06:00:37 PM","04/17/2023, 11:12:00 PM",DGBUSDT,Binance Futures,LONG,10,0,0,0,0,0,100,0,0,0,0,closed,0.01,0.01,0.01,0.01,0.01,0.011,0.011,0.012,0.012,0.013,0.014,0.014,0.01,40.201,55.276,100.503,160.804,226.131,286.432,356.784,406.03,-20.101
AAVEUSDT:LONG:78.61,"04/18/2023, 03:00:42 AM","04/19/2023, 10:03:00 AM",AAVEUSDT,Bybit USDT,LONG,10,80.095,0,2,1,20.945,100,50,10.473,0,10.473,closed,80.23,79.96,79.69,79.42,83.45,84.66,88.28,93.12,98.36,103.2,108.85,112.88,78.61,40.135,55.216,100.337,160.663,225.975,286.302,356.724,406.955,-20.192
ADAUSDT:LONG:0.4218,"04/18/2023, 04:00:37 AM","04/18/2023, 01:38:00 PM",ADAUSDT,Bybit USDT,LONG,10,0,0,0,0,0,100,0,0,0,0,closed,0.431,0.429,0.428,0.426,0.448,0.454,0.474,0.5,0.528,0.554,0.584,0.606,0.422,40.186,55.285,100.581,160.743,226.016,286.411,356.794,406.969,-20.209
NEARUSDT:LONG:2.286,"04/18/2023, 09:30:05 AM","04/19/2023, 10:10:00 AM",NEARUSDT,Bybit USDT,LONG,10,2.321,0,4,0,-15.065,100,100,-15.065,0,-15.065,closed,2.333,2.325,2.317,2.309,2.427,2.462,2.567,2.708,2.86,3.001,3.165,3.283,2.286,40.291,55.294,100.3,160.737,225.889,286.327,356.622,407.201,-20.146
OCEANUSDT:LONG:0.4271,"04/18/2023, 09:30:05 AM","04/18/2023, 08:02:00 PM",OCEANUSDT,Binance Futures,LONG,10,0.434,0,4,0,-15.204,100,100,-15.204,0,-15.204,closed,0.436,0.434,0.433,0.432,0.453,0.46,0.48,0.506,0.534,0.561,0.591,0.613,0.427,40.147,55.288,100.482,160.817,225.969,286.304,356.733,406.974,-20.188
APEUSDT:LONG:4.416,"04/18/2023, 09:30:05 AM","04/19/2023, 10:02:00 AM",APEUSDT,Bybit USDT,LONG,10,4.484,0,4,0,-15.261,100,100,-15.261,0,-15.261,closed,4.507,4.492,4.477,4.462,4.688,4.756,4.96,5.232,5.526,5.798,6.115,6.342,4.416,40.16,55.247,100.51,160.861,226.093,286.443,356.778,407.144,-20.191
KAVAUSDT:LONG:0.9276,"04/18/2023, 05:00:30 PM","04/18/2023, 07:41:00 PM",KAVAUSDT,Binance Futures,LONG,10,0.942,0,4,0,-15.116,100,100,-15.116,0,-15.116,closed,0.947,0.943,0.94,0.937,0.985,0.999,1.042,1.099,1.161,1.218,1.284,1.332,0.928,40.144,55.25,100.465,160.786,226.178,286.393,356.75,407.036,-20.072
CHZUSDT:LONG:0.13204,"04/18/2023, 08:00:27 PM","04/19/2023, 08:52:00 AM",CHZUSDT,Binance Futures,LONG,10,0,0,0,0,0,100,0,0,0,0,closed,0.135,0.134,0.134,0.133,0.14,0.142,0.148,0.156,0.165,0.173,0.183,0.19,0.132,40.223,55.288,100.482,160.816,226.122,286.456,356.809,407.05,-20.111
1000SHIBUSDT:LONG:0.01122,"04/18/2023, 10:00:23 PM","04/19/2023, 10:11:00 AM",1000SHIBUSDT,Binance Futures,LONG,10,0.011,0,4,0,-15.345,100,100,-15.345,0,-15.345,closed,0.011,0.011,0.011,0.011,0.012,0.012,0.013,0.013,0.014,0.015,0.016,0.016,0.011,40.437,55.546,100.786,161.135,226.463,286.812,357.118,407.424,-20.087
AUDIOUSDT:LONG:0.3565,"04/19/2023, 04:00:22 AM","04/19/2023, 09:54:00 AM",AUDIOUSDT,Bybit USDT,LONG,10,0.362,0,4,0,-15.315,100,100,-15.315,0,-15.315,closed,0.364,0.363,0.361,0.36,0.378,0.384,0.4,0.422,0.446,0.468,0.494,0.512,0.357,39.846,54.96,100.302,160.484,225.886,286.068,356.417,406.705,-20.335
BTCUSDT:LONG:29249.9,"04/19/2023, 09:00:18 AM","04/19/2023, 10:11:00 AM",BTCUSDT,Bybit USDT,LONG,10,29699.479,0,4,0,-15.138,100,100,-15.138,0,-15.138,closed,29849.9,29749.9,29649.9,29549.9,31049.8,31499.8,32849.8,34649.8,36599.8,38399.8,40499.8,41999.8,29249.9,40.198,55.273,100.499,160.801,226.128,286.43,356.782,407.033,-20.101
GALUSDT:LONG:2.017,"04/19/2023, 09:00:31 AM","04/19/2023, 10:10:00 AM",GALUSDT,Bybit USDT,LONG,10,2.048,0,4,0,-15.122,100,100,-15.122,0,-15.122,closed,2.059,2.052,2.045,2.038,2.141,2.172,2.266,2.39,2.524,2.648,2.793,2.897,2.017,40.078,55.137,100.559,160.797,226.136,286.374,356.813,407.093,-20.16
ASTRUSDT:LONG:0.06899,"04/19/2023, 10:00:22 AM","04/19/2023, 10:10:00 AM",ASTRUSDT,Binance Futures,LONG,10,0.07,0,4,0,-15.118,100,100,-15.118,0,-15.118,closed,0.07,0.07,0.07,0.07,0.073,0.074,0.077,0.082,0.086,0.091,0.096,0.099,0.069,40.051,55.106,100.412,160.631,225.962,286.323,356.625,406.902,-20.168
ARPAUSDT:LONG:0.04448,"04/19/2023, 10:00:30 AM","04/19/2023, 10:10:00 AM",ARPAUSDT,Binance Futures,LONG,10,0.045,0,4,0,-15.261,100,100,-15.261,0,-15.261,closed,0.045,0.045,0.045,0.045,0.047,0.048,0.05,0.053,0.056,0.058,0.062,0.064,0.044,40.088,55.286,100.441,160.793,225.991,286.344,356.828,407.048,-20.264
KNCUSDT:SHORT:0.7389,"04/19/2023, 11:00:54 AM","04/20/2023, 10:18:00 AM",KNCUSDT,Binance Futures,SHORT,10,0.728,0,4,0,-14.847,100,100,-14.847,0,-14.847,closed,0.725,0.727,0.729,0.732,0.696,0.685,0.652,0.609,0.562,0.519,0.469,0.433,0.739,39.89,54.796,99.517,159.282,223.879,283.644,353.347,403.037,-19.876
ANKRUSDT:SHORT:0.0356,"04/19/2023, 12:00:56 PM","06/10/2023, 06:21:00 AM",ANKRUSDT,Binance Futures,SHORT,10,0.035,0,3,8,120.555,100,75,90.416,0,90.416,closed,0.035,0.035,0.035,0.035,0.033,0.032,0.031,0.029,0.027,0.025,0.022,0.021,0.036,37.861,67.919,97.688,157.514,222.254,282.081,352.023,401.734,-28.902
INJUSDT:LONG:8.0465,"04/19/2023, 10:00:32 PM","04/20/2023, 01:17:00 AM",INJUSDT,Bybit USDT,LONG,10,8.195,0,4,0,-18.173,100,100,-18.173,0,-18.173,closed,8.288,8.227,8.166,8.105,8.603,8.853,9.102,9.601,10.141,10.64,11.222,11.638,8.047,38.069,68.175,98.281,158.431,223.65,283.861,354.027,404.223,-29.08
ICPUSDT:LONG:6.011,"04/20/2023, 12:00:20 AM","04/20/2023, 01:21:00 AM",ICPUSDT,Bybit USDT,LONG,10,6.122,0,4,0,-18.143,100,100,-18.143,0,-18.143,closed,6.191,6.145,6.1,6.054,6.427,6.613,6.799,7.172,7.576,7.948,8.383,8.693,6.011,38.12,68.163,98.207,158.456,223.712,283.799,354.062,404.135,-29.074
ANTUSDT:LONG:3.475,"04/20/2023, 02:00:31 AM","04/20/2023, 06:20:00 AM",ANTUSDT,Bybit USDT,LONG,10,0,0,0,0,0,100,0,0,0,0,closed,3.585,3.558,3.532,3.505,3.72,3.825,3.935,4.15,4.385,4.6,4.85,5.03,3.475,37.657,66.946,97.629,157.601,223.152,283.124,352.859,403.068,-30.683
ICPUSDT:LONG:5.929,"04/20/2023, 05:00:32 AM","04/20/2023, 05:43:00 PM",ICPUSDT,Bybit USDT,LONG,10,6.085,0,2,1,20.932,100,50,10.466,0,10.466,closed,6.108,6.063,6.017,5.972,6.34,6.524,6.707,7.075,7.473,7.841,8.27,8.576,5.929,37.983,68.107,98.068,158.317,223.477,283.726,353.962,404.06,-29.306
ALICEUSDT:LONG:1.805,"04/20/2023, 11:01:47 AM","04/20/2023, 04:36:00 PM",ALICEUSDT,Binance Futures,LONG,10,1.838,0,4,0,-18.154,100,100,-18.154,0,-18.154,closed,1.859,1.845,1.832,1.818,1.939,1.986,2.042,2.154,2.275,2.387,2.517,2.61,1.805,43.034,68.316,98.44,158.687,223.776,284.024,353.954,403.981,-29.048
ICXUSDT:LONG:0.3078,"04/22/2023, 02:00:05 PM","04/22/2023, 04:08:00 PM",ICXUSDT,Binance Futures,LONG,10,0.313,0,4,0,-18.114,100,100,-18.114,0,-18.114,closed,0.317,0.315,0.312,0.31,0.331,0.339,0.348,0.367,0.388,0.407,0.429,0.445,0.308,43.218,68.139,98.423,158.36,223.659,283.912,354.259,404.416,-29.022
SXPUSDT:LONG:0.5733,"04/22/2023, 11:45:33 PM","04/22/2023, 11:51:00 PM",SXPUSDT,Binance Futures,LONG,10,0,0,0,0,0,100,0,0,0,0,closed,0.591,0.586,0.582,0.577,0.616,0.631,0.649,0.684,0.723,0.758,0.8,0.829,0.573,43.014,68.078,98.222,158.51,223.709,283.827,354.107,404.234,-29.128
COCOSUSDT:LONG:1.682,"04/23/2023, 08:00:12 AM","04/23/2023, 05:43:00 PM",COCOSUSDT,Binance Futures,LONG,10,1.713,0,4,0,-18.313,100,100,-18.313,0,-18.313,closed,1.733,1.72,1.707,1.694,1.807,1.85,1.903,2.007,2.12,2.224,2.346,2.433,1.682,42.701,67.513,98.096,158.107,223.312,283.324,353.722,403.924,-29.429
LPTUSDT:SHORT:5.8,"04/23/2023, 06:00:24 PM","04/25/2023, 11:53:00 PM",LPTUSDT,Binance Futures,SHORT,10,5.699,0,4,1,26.595,100,100,26.595,0,26.595,closed,5.638,5.679,5.72,5.761,5.396,5.255,5.087,4.749,4.384,4.047,3.653,3.372,5.8,42.923,67.932,97.73,157.68,222.419,282.192,352.075,401.916,-28.734
NEOUSDT:SHORT:11.56,"04/23/2023, 07:00:20 PM","04/26/2023, 02:18:00 PM",NEOUSDT,Binance Futures,SHORT,10,11.277,0,2,2,30.355,100,50,15.178,0,15.178,closed,11.236,11.318,11.4,11.482,10.753,10.473,10.137,9.465,8.737,8.065,7.281,6.721,11.56,42.987,67.907,97.811,157.618,222.41,282.218,351.994,401.833,-28.836
INJUSDT:LONG:6.71,"04/23/2023, 10:00:04 PM","04/24/2023, 06:11:00 AM",INJUSDT,Binance Futures,LONG,10,6.834,0,4,0,-18.148,100,100,-18.148,0,-18.148,closed,6.911,6.86,6.809,6.758,7.209,7.382,7.59,8.006,8.457,8.872,9.358,9.704,6.71,43.12,68.152,98.249,158.443,223.701,283.751,354.073,404.138,-29.084
C98USDT:SHORT:0.2403,"04/28/2023, 02:00:15 PM","04/29/2023, 04:26:00 PM",C98USDT,Binance Futures,SHORT,10,0.236,0,4,0,-17.64,100,100,-17.64,0,-17.64,closed,0.234,0.235,0.237,0.239,0.224,0.218,0.211,0.197,0.182,0.168,0.151,0.14,0.24,43.236,68.065,98.031,157.534,222.603,282.534,352.312,401.969,-28.682
DUSKUSDT:SHORT:0.16935,"04/28/2023, 03:00:24 PM","04/29/2023, 03:38:00 PM",DUSKUSDT,Binance Futures,SHORT,10,0.166,0,4,0,-17.825,100,100,-17.825,0,-17.825,closed,0.165,0.166,0.167,0.168,0.158,0.153,0.149,0.139,0.128,0.118,0.107,0.098,0.169,42.894,67.805,97.697,157.543,222.371,282.156,351.965,401.847,-28.92
JOEUSDT:SHORT:0.5056,"04/28/2023, 04:00:06 PM","06/14/2023, 10:57:00 PM",JOEUSDT,Binance Futures,SHORT,10,0.497,0,4,8,126.189,100,100,126.189,0,126.189,closed,0.492,0.495,0.499,0.502,0.47,0.458,0.443,0.414,0.382,0.353,0.319,0.294,0.506,42.93,67.955,97.864,157.681,222.38,282.197,351.984,401.831,-28.688
COCOSUSDT:LONG:1.84,"04/28/2023, 08:00:09 PM","04/29/2023, 03:11:00 AM",COCOSUSDT,Binance Futures,LONG,10,1.874,0,4,0,-18.075,100,100,-18.075,0,-18.075,closed,1.895,1.881,1.867,1.853,1.977,2.024,2.081,2.195,2.319,2.433,2.566,2.661,1.84,43.272,68.074,98.153,158.311,223.747,283.905,354.09,404.222,-29.024
COCOSUSDT:LONG:1.82,"04/29/2023, 02:00:17 AM","04/29/2023, 04:20:00 PM",COCOSUSDT,Bybit USDT,LONG,10,1.854,0,4,0,-18.269,100,100,-18.269,0,-18.269,closed,1.875,1.861,1.847,1.833,1.956,2.003,2.059,2.172,2.294,2.407,2.539,2.633,1.82,42.933,68,98.133,158.133,223.467,283.733,353.867,404,-29.333
TOMOUSDT:LONG:0.8338,"04/29/2023, 02:00:08 PM","04/30/2023, 05:15:00 AM",TOMOUSDT,Binance Futures,LONG,10,0.852,0,3,2,33.045,100,75,24.784,0,24.784,closed,0.859,0.852,0.846,0.84,0.896,0.917,0.943,0.995,1.051,1.103,1.163,1.206,0.834,43.083,68.118,98.277,158.477,223.684,283.768,353.982,404.169,-29.11
KNCUSDT:LONG:0.693,"04/29/2023, 04:00:23 PM","04/30/2023, 09:19:00 PM",KNCUSDT,Binance Futures,LONG,10,0.706,0,4,0,-18.275,100,100,-18.275,0,-18.275,closed,0.714,0.709,0.703,0.698,0.745,0.763,0.784,0.827,0.874,0.916,0.967,1.002,0.693,43.003,68.077,98.193,158.285,223.561,283.653,353.971,404.118,-29.276
RUNEUSDT:SHORT:1.394,"04/30/2023, 04:00:21 AM","06/14/2023, 10:05:00 PM",RUNEUSDT,Binance Futures,SHORT,10,1.369,0,4,8,126.452,100,100,126.452,0,126.452,closed,1.355,1.365,1.374,1.384,1.296,1.263,1.222,1.141,1.053,0.972,0.878,0.81,1.394,43.542,67.897,98.155,157.934,222.878,282.657,352.03,402.214,-28.782
FLOWUSDT:SHORT:0.923,"04/30/2023, 03:00:24 PM","06/10/2023, 06:21:00 AM",FLOWUSDT,Bybit USDT,SHORT,10,0.903,0,3,8,123.047,100,75,92.285,-0,92.285,closed,0.897,0.904,0.91,0.917,0.859,0.836,0.81,0.756,0.698,0.644,0.581,0.537,0.923,42.921,68.004,97.547,157.748,222.408,282.051,352.285,401.895,-28.986
ANTUSDT:LONG:3.204,"04/30/2023, 06:00:19 PM","05/01/2023, 03:38:00 AM",ANTUSDT,Binance Futures,LONG,10,3.263,0,4,0,-18.164,100,100,-18.164,0,-18.164,closed,3.3,3.276,3.251,3.227,3.442,3.525,3.624,3.823,4.038,4.236,4.468,4.633,3.204,43.03,68.182,98.182,158.485,223.636,283.636,353.939,403.939,-29.091
XTZUSDT:LONG:0.995,"04/30/2023, 07:00:11 PM","04/30/2023, 10:12:00 PM",XTZUSDT,Bybit USDT,LONG,10,1.013,0,4,0,-18.183,100,100,-18.183,0,-18.183,closed,1.025,1.017,1.01,1.002,1.069,1.094,1.125,1.187,1.254,1.315,1.387,1.439,0.995,42.927,67.317,97.561,158.049,223.415,282.927,353.171,403.902,-29.268
SFPUSDT:LONG:0.4265,"04/30/2023, 08:00:26 PM","05/01/2023, 03:39:00 AM",SFPUSDT,Bybit USDT,LONG,10,0.434,0,4,0,-18.117,100,100,-18.117,0,-18.117,closed,0.439,0.436,0.433,0.43,0.458,0.469,0.482,0.509,0.538,0.564,0.595,0.617,0.427,43.023,68.063,98.111,158.206,223.537,283.633,353.972,404.052,-29.137
BTCDOMUSDT:LONG:1590,"05/06/2023, 06:00:13 AM","05/31/2023, 04:28:00 PM",BTCDOMUSDT,Binance Futures,LONG,10,1619.488,0,4,0,-18.208,100,100,-18.208,0,-18.208,closed,1637.7,1625.633,1613.567,1601.5,1708.3,1749.3,1798.6,1897.2,2003.9,2102.5,2217.5,2299.6,1590,43.109,68.144,98.248,158.454,223.606,283.813,354.033,404.164,-29.126
1000FLOKIUSDT:LONG:0.03496,"05/08/2023, 06:00:06 PM","05/08/2023, 07:21:00 PM",1000FLOKIUSDT,Bybit USDT,LONG,10,0.036,0,4,0,-18.184,100,100,-18.184,0,-18.184,closed,0.036,0.036,0.035,0.035,0.038,0.038,0.04,0.042,0.044,0.046,0.049,0.051,0.035,43.044,68.037,98.306,158.289,223.549,283.81,354.068,404.054,-29.159
TOMOUSDT:LONG:0.803,"05/09/2023, 06:00:19 PM","05/23/2023, 05:24:00 AM",TOMOUSDT,Bybit USDT,LONG,10,0.824,0,2,8,121.293,100,50,60.647,-0,60.647,closed,0.828,0.821,0.815,0.809,0.863,0.884,0.909,0.959,1.013,1.062,1.121,1.162,0.803,42.9,67.674,97.885,158.308,223.565,283.384,354.079,404.23,-29.607
LQTYUSDT:LONG:1.166,"05/14/2023, 07:00:16 AM","05/31/2023, 10:20:00 AM",LQTYUSDT,Bybit USDT,LONG,10,1.188,0,4,4,63.572,100,100,63.572,0,63.572,closed,1.202,1.193,1.184,1.175,1.253,1.283,1.319,1.392,1.47,1.542,1.627,1.687,1.166,42.863,67.832,97.794,158.136,223.471,283.396,353.725,404.078,-29.546
CVXUSDT:LONG:4.48,"05/14/2023, 04:00:12 PM","05/18/2023, 07:56:00 PM",CVXUSDT,Bybit USDT,LONG,10,4.597,0,2,1,23.662,100,50,11.831,0,11.831,closed,4.615,4.58,4.545,4.51,4.815,4.93,5.065,5.345,5.645,5.925,6.25,6.48,4.48,43.337,68.256,97.508,158.18,223.185,283.857,354.28,404.117,-29.252
TRBUSDT:LONG:11.14,"05/14/2023, 06:00:06 PM","05/31/2023, 11:02:00 AM",TRBUSDT,Bybit USDT,LONG,10,11.432,0,2,3,40.924,100,50,20.462,0,20.462,closed,11.475,11.39,11.305,11.22,11.97,12.255,12.6,13.29,14.04,14.73,15.535,16.11,11.14,43.137,67.974,98.039,158.17,223.529,283.66,353.813,403.922,-29.194
ARPAUSDT:LONG:0.05015,"05/15/2023, 02:00:13 AM","05/15/2023, 01:06:00 PM",ARPAUSDT,Binance Futures,LONG,10,0.051,0,4,0,-18.139,100,100,-18.139,0,-18.139,closed,0.052,0.051,0.051,0.051,0.054,0.055,0.057,0.06,0.063,0.066,0.07,0.073,0.05,43.175,68.151,98.354,158.567,223.621,283.833,354.114,404.259,-29.042
EDUUSDT:LONG:1.2757,"05/15/2023, 06:00:05 AM","05/15/2023, 10:18:00 AM",EDUUSDT,Binance Futures,LONG,10,1.299,0,4,0,-18.171,100,100,-18.171,0,-18.171,closed,1.314,1.304,1.295,1.285,1.371,1.404,1.443,1.522,1.608,1.687,1.779,1.845,1.276,43.154,68.194,98.333,158.46,223.685,283.888,354.06,404.216,-29.074
GTCUSDT:LONG:1.341,"05/15/2023, 09:00:24 AM","05/16/2023, 03:28:00 AM",GTCUSDT,Binance Futures,LONG,10,1.366,0,4,0,-18.591,100,100,-18.591,0,-18.591,closed,1.382,1.372,1.361,1.351,1.441,1.476,1.517,1.6,1.69,1.774,1.871,1.94,1.341,42.692,68.017,97.685,157.742,222.865,283.647,353.835,403.763,-29.667
BTCUSDT:LONG:26544.5,"05/15/2023, 11:00:08 AM","05/17/2023, 04:38:00 PM",BTCUSDT,Binance Futures,LONG,10,27036.28,0,4,0,-18.19,100,100,-18.19,0,-18.19,closed,27339.8,27138.7,26937.6,26736.5,28518.9,29204.5,30027.1,31672.5,33454.9,35100.2,37019.8,38390.9,26544.5,43.128,68.205,98.293,158.476,223.67,283.85,354.063,404.213,-29.089
JOEUSDT:LONG:0.3573,"05/15/2023, 05:00:05 PM","05/16/2023, 06:29:00 PM",JOEUSDT,Bybit USDT,LONG,10,0.364,0,4,1,27.408,100,100,27.408,0,27.408,closed,0.368,0.365,0.363,0.36,0.384,0.393,0.404,0.426,0.45,0.473,0.498,0.517,0.357,43.065,68.061,98.22,158.402,223.611,283.793,354.028,404.157,-29.208
XRPUSDT:SHORT:0.4359,"05/16/2023, 04:00:04 AM","05/16/2023, 11:51:00 PM",XRPUSDT,Binance Futures,SHORT,10,0.428,0,4,0,-17.81,100,100,-17.81,0,-17.81,closed,0.424,0.427,0.43,0.433,0.406,0.395,0.382,0.357,0.329,0.304,0.275,0.253,0.436,42.955,67.973,97.947,157.659,222.563,282.275,352.136,401.935,-28.794
MKRUSDT:SHORT:650.5,"05/16/2023, 10:00:31 AM","05/28/2023, 02:44:00 AM",MKRUSDT,Bybit USDT,SHORT,10,636.979,0,3,1,25.102,100,75,18.826,0,18.826,closed,632.5,637,641.5,646,605,589.5,570.5,532.5,491.5,453.5,409.5,378,650.5,43.478,67.984,98.024,158.103,222.925,283.004,352.569,402.372,-28.458
GMTUSDT:SHORT:0.2791,"05/16/2023, 05:00:33 PM","05/17/2023, 03:11:00 AM",GMTUSDT,Bybit USDT,SHORT,10,0.274,0,4,0,-17.75,100,100,-17.75,0,-17.75,closed,0.271,0.273,0.275,0.277,0.26,0.253,0.245,0.229,0.211,0.195,0.176,0.162,0.279,43.126,67.822,97.678,157.759,222.632,282.344,352.009,401.769,-28.75
ETHBTC:LONG:6543000,"05/16/2023, 11:00:29 PM","05/16/2023, 11:01:00 PM",ETHBTC,Binance Futures,LONG,10,6664037.308,0,4,0,-18.163,100,100,-18.163,0,-18.163,closed,6739000,6689333.333,6639666.667,6590000,7029000,7198000,7401000,7807000,8246000,8652000,9125000,9463000,6543000,43.033,68.111,98.234,158.48,223.624,283.87,354.058,404.214,-29.084
KAVAUSDT:LONG:0.8984,"05/17/2023, 04:00:39 AM","05/17/2023, 10:05:00 AM",KAVAUSDT,Binance Futures,LONG,10,0.915,0,4,0,-18.127,100,100,-18.127,0,-18.127,closed,0.925,0.918,0.912,0.905,0.965,0.988,1.016,1.072,1.132,1.188,1.253,1.299,0.898,43.121,68.194,98.238,158.435,223.603,283.8,354.047,404.193,-29.072
KNCUSDT:LONG:0.5919,"05/17/2023, 06:00:47 AM","05/21/2023, 05:44:00 PM",KNCUSDT,Bybit USDT,LONG,10,0.603,0,4,1,27.361,100,100,27.361,0,27.361,closed,0.61,0.605,0.601,0.596,0.636,0.651,0.67,0.706,0.746,0.783,0.826,0.856,0.592,42.972,68.066,98.081,158.275,223.553,283.746,353.945,404.133,-29.195
EDUUSDT:LONG:1.0639,"05/17/2023, 05:00:18 PM","05/22/2023, 02:28:00 AM",EDUUSDT,Binance Futures,LONG,10,1.092,0,2,3,40.919,100,50,20.46,0,20.46,closed,1.096,1.088,1.08,1.072,1.143,1.171,1.204,1.269,1.341,1.407,1.484,1.539,1.064,43.074,68.169,98.284,158.423,223.672,283.811,353.988,404.18,-29.111
OMGUSDT:LONG:0.793,"05/17/2023, 09:00:16 PM","05/18/2023, 07:50:00 PM",OMGUSDT,Binance Futures,LONG,10,0.808,0,4,0,-19.096,100,100,-19.096,0,-19.096,closed,0.818,0.812,0.805,0.799,0.852,0.873,0.897,0.947,1,1.049,1.107,1.148,0.793,41.565,67.237,96.577,157.702,222.494,282.396,353.301,403.423,-30.562
ZRXUSDT:LONG:0.2251,"05/17/2023, 10:00:41 PM","05/18/2023, 07:50:00 PM",ZRXUSDT,Binance Futures,LONG,10,0.229,0,4,0,-18.246,100,100,-18.246,0,-18.246,closed,0.232,0.23,0.228,0.227,0.242,0.248,0.255,0.269,0.284,0.298,0.314,0.326,0.225,43.122,68.133,97.887,158.258,223.372,283.743,354.032,404.053,-29.323
NKNUSDT:SHORT:0.1071,"05/18/2023, 04:00:38 AM","05/23/2023, 04:08:00 PM",NKNUSDT,Bybit USDT,SHORT,10,0.104,0,1,1,21.472,100,25,5.368,0,5.368,closed,0.104,0.105,0.106,0.106,0.1,0.097,0.094,0.088,0.081,0.075,0.067,0.062,0.107,42.944,67.826,97.704,157.556,222.404,282.16,352.003,401.864,-28.917
HIGHUSDT:SHORT:1.8735,"05/18/2023, 06:00:44 AM","05/23/2023, 01:34:00 PM",HIGHUSDT,Bybit USDT,SHORT,10,1.821,0,1,4,53.899,100,25,13.475,0,13.475,closed,1.821,1.834,1.847,1.861,1.743,1.697,1.643,1.534,1.416,1.307,1.18,1.089,1.874,43.108,68.094,97.748,157.606,222.405,282.262,352.004,401.977,-28.83
NKNUSDT:SHORT:0.10607,"05/18/2023, 07:00:58 AM","05/21/2023, 04:19:00 PM",NKNUSDT,Bybit USDT,SHORT,10,0.103,0,2,1,23.212,100,50,11.606,0,11.606,closed,0.103,0.104,0.105,0.105,0.099,0.096,0.093,0.087,0.08,0.074,0.067,0.062,0.106,42.968,67.895,97.769,157.614,222.405,282.25,351.988,401.843,-28.807
TOMOUSDT:LONG:0.9966,"05/18/2023, 06:00:07 PM","05/29/2023, 12:00:00 AM",TOMOUSDT,Binance Futures,LONG,10,1.015,0,4,8,129.872,100,100,129.872,0,129.872,closed,1.027,1.019,1.011,1.004,1.071,1.097,1.127,1.189,1.256,1.318,1.39,1.441,0.997,43.059,68.193,98.295,158.402,223.673,283.78,354.019,404.189,-29.128
TOMOUSDT:LONG:0.9926,"05/18/2023, 07:00:25 PM","05/29/2023, 12:00:00 AM",TOMOUSDT,Binance Futures,LONG,10,1.011,0,4,8,129.917,100,100,129.917,-0,129.917,closed,1.022,1.015,1.007,1,1.067,1.092,1.123,1.184,1.251,1.313,1.384,1.436,0.993,43.134,68.173,98.298,158.451,223.689,283.842,354.069,404.245,-29.147
ALGOUSDT:SHORT:0.1694,"05/18/2023, 08:00:44 PM","06/10/2023, 06:24:00 AM",ALGOUSDT,Binance Futures,SHORT,10,0.166,0,3,8,123.236,100,75,92.427,0,92.427,closed,0.165,0.166,0.167,0.168,0.158,0.154,0.149,0.139,0.128,0.118,0.107,0.099,0.169,43.109,68.002,97.753,157.863,222.829,282.332,352.155,401.943,-28.537
BNBUSDT:SHORT:316.85,"05/18/2023, 09:00:50 PM","05/29/2023, 01:55:00 PM",BNBUSDT,Bybit USDT,SHORT,10,311.305,0,4,0,-17.813,100,100,-17.813,0,-17.813,closed,307.95,310.2,312.45,314.7,294.75,287.05,277.85,259.45,239.45,221.05,199.55,184.2,316.85,42.864,67.868,97.743,157.493,222.439,282.189,352.005,401.851,-28.901
WOOUSDT:SHORT:0.23598,"05/18/2023, 10:00:37 PM","05/30/2023, 01:26:00 PM",WOOUSDT,Binance Futures,SHORT,10,0.232,0,4,3,45.134,100,100,45.134,0,45.134,closed,0.229,0.231,0.233,0.234,0.22,0.214,0.207,0.193,0.178,0.165,0.149,0.137,0.236,42.902,67.841,97.75,157.569,222.358,282.176,351.979,401.814,-28.863
GMXUSDT:SHORT:64.14,"05/19/2023, 12:00:44 AM",,GMXUSDT,Binance Futures,SHORT,10,62.801,0,3,6,97.286,100,75,63.731,9.233,72.964,open,62.35,62.803,63.257,63.71,59.67,58.11,56.25,52.52,48.48,44.75,40.4,37.29,64.14,42.983,68.003,97.835,157.658,222.454,282.277,352.045,401.925,-28.709
CTKUSDT:SHORT:0.7687,"05/19/2023, 10:00:09 AM",,CTKUSDT,Bybit USDT,SHORT,10,0.755,0,4,5,108.422,100,100,73.317,35.104,108.422,open,0.747,0.753,0.758,0.764,0.715,0.696,0.674,0.629,0.581,0.536,0.484,0.447,0.769,42.832,67.862,97.711,157.542,222.326,282.158,352.028,401.82,-28.912
CTKUSDT:SHORT:0.7687,"05/19/2023, 12:00:08 PM",,CTKUSDT,Bybit USDT,SHORT,10,0.755,0,4,5,108.422,100,100,73.317,35.104,108.422,open,0.747,0.753,0.758,0.764,0.715,0.696,0.674,0.629,0.581,0.536,0.484,0.447,0.769,42.832,67.862,97.711,157.542,222.326,282.158,352.028,401.82,-28.912
TRXUSDT:LONG:0.06831,"05/19/2023, 06:00:19 PM","06/10/2023, 03:50:00 AM",TRXUSDT,Binance Futures,LONG,10,0.07,0,1,4,53.994,100,25,13.498,0,13.498,closed,0.07,0.07,0.069,0.069,0.073,0.075,0.077,0.082,0.086,0.09,0.095,0.099,0.068,43.064,68.078,98.209,158.329,223.565,283.684,353.894,404.065,-29.136
ONTUSDT:SHORT:0.22745,"05/19/2023, 07:00:46 PM","05/22/2023, 10:53:00 AM",ONTUSDT,Bybit USDT,SHORT,10,0.221,0,1,1,21.488,100,25,5.372,0,5.372,closed,0.221,0.223,0.224,0.226,0.212,0.206,0.199,0.186,0.172,0.159,0.143,0.132,0.227,42.977,67.858,97.715,157.657,222.348,282.289,351.957,401.945,-28.953
TOMOUSDT:LONG:1.0005,"05/20/2023, 08:00:21 AM","05/20/2023, 12:50:00 PM",TOMOUSDT,Binance Futures,LONG,10,0,0,0,0,0,100,0,0,0,0,closed,1.031,1.023,1.015,1.008,1.075,1.101,1.132,1.194,1.261,1.323,1.395,1.447,1.001,43.086,68.122,98.205,158.467,223.581,283.843,354.003,404.173,-29.112
ETHBTC:LONG:6490999,"05/21/2023, 03:00:34 AM","05/21/2023, 03:01:00 AM",ETHBTC,Binance Futures,LONG,10,6611539.367,0,4,0,-18.232,100,100,-18.232,0,-18.232,closed,6686000,6636666.333,6587332.667,6537999,6973999,7142000,7342999,7745000,8180999,8584000,9053000,9388000,6490999,43.075,68.202,98.265,158.391,223.601,283.877,354.023,404.128,-29.166
MASKUSDT:LONG:4.511,"05/21/2023, 11:00:35 AM","05/21/2023, 07:36:00 PM",MASKUSDT,Bybit USDT,LONG,10,4.595,0,4,0,-18.319,100,100,-18.319,0,-18.319,closed,4.647,4.613,4.578,4.544,4.847,4.963,5.103,5.383,5.686,5.966,6.292,6.525,4.511,43.039,68.001,98.128,158.382,223.585,283.839,353.992,404.132,-29.266
HNTUSDT:LONG:1.384,"05/21/2023, 01:00:26 PM",,HNTUSDT,Bybit USDT,LONG,10,0,0,0,0,0,100,0,0,0,0,open,1.426,1.415,1.405,1.394,1.487,1.522,1.565,1.651,1.744,1.83,1.93,2.002,1.384,42.777,67.321,97.475,157.784,223.001,283.31,353.436,403.927,-29.453
SXPUSDT:SHORT:0.4425,"05/21/2023, 02:00:17 PM","05/31/2023, 09:28:00 AM",SXPUSDT,Bybit USDT,SHORT,10,0.432,0,2,3,41.08,100,50,20.54,0,20.54,closed,0.431,0.434,0.437,0.44,0.412,0.401,0.388,0.363,0.335,0.309,0.279,0.257,0.443,44.135,68.525,98.722,157.956,222.997,283.391,353.078,403.02,-27.875
BAKEUSDT:SHORT:0.1551,"05/21/2023, 03:00:36 PM","05/23/2023, 08:01:00 AM",BAKEUSDT,Binance Futures,SHORT,10,0.151,0,1,1,21.883,100,25,5.471,0,5.471,closed,0.151,0.152,0.153,0.154,0.144,0.141,0.136,0.127,0.117,0.108,0.098,0.09,0.155,43.767,68.302,98.143,157.825,222.812,282.493,352.785,402.52,-28.515
ETHUSDT:SHORT:1864.21,"05/21/2023, 06:00:29 PM","05/23/2023, 05:20:00 AM",ETHUSDT,Binance Futures,SHORT,10,1831.58,0,4,0,-17.815,100,100,-17.815,0,-17.815,closed,1811.83,1825.077,1838.323,1851.57,1734.15,1688.99,1634.8,1526.41,1408.99,1300.61,1174.16,1083.84,1864.21,42.874,67.799,97.708,157.531,222.339,282.157,351.948,401.798,-28.91
MINAUSDT:SHORT:0.5867,"05/21/2023, 08:00:36 PM","05/28/2023, 08:37:00 PM",MINAUSDT,Bybit USDT,SHORT,10,0.577,0,4,2,34.427,100,100,34.427,0,34.427,closed,0.57,0.574,0.579,0.583,0.546,0.532,0.515,0.48,0.444,0.409,0.37,0.341,0.587,42.96,67.859,97.843,157.636,222.339,282.308,352.095,401.894,-28.757
NKNUSDT:SHORT:0.10617,"05/22/2023, 12:00:26 PM","05/24/2023, 02:43:00 AM",NKNUSDT,Bybit USDT,SHORT,10,0.104,0,4,0,-17.8,100,100,-17.8,0,-17.8,closed,0.103,0.104,0.105,0.105,0.099,0.096,0.093,0.087,0.08,0.074,0.067,0.062,0.106,42.931,67.836,97.781,157.573,222.405,282.198,351.972,401.88,-28.879
CTKUSDT:SHORT:0.7655,"05/22/2023, 07:00:25 PM","05/29/2023, 12:11:00 AM",CTKUSDT,Bybit USDT,SHORT,10,0.752,0,4,0,-17.816,100,100,-17.816,0,-17.816,closed,0.744,0.749,0.755,0.76,0.712,0.694,0.671,0.627,0.579,0.534,0.482,0.445,0.766,42.876,67.876,97.715,157.527,222.312,282.258,352.016,401.882,-28.898
NEOUSDT:SHORT:10.124,"05/22/2023, 08:00:28 PM","05/23/2023, 05:42:00 AM",NEOUSDT,Bybit USDT,SHORT,10,9.947,0,4,0,-17.759,100,100,-17.759,0,-17.759,closed,9.84,9.912,9.984,10.056,9.418,9.173,8.878,8.29,7.652,7.063,6.377,5.886,10.124,42.886,67.785,97.764,157.52,222.358,282.215,351.931,401.829,-28.862
CELRUSDT:SHORT:0.02265,"05/23/2023, 01:00:23 AM","05/23/2023, 05:31:00 AM",CELRUSDT,Bybit USDT,SHORT,10,0.022,0,4,0,-19.181,100,100,-19.181,0,-19.181,closed,0.022,0.022,0.022,0.022,0.021,0.021,0.02,0.019,0.017,0.016,0.014,0.013,0.023,43.182,68.182,97.727,159.091,222.727,281.818,352.273,402.273,-29.545
RVNUSDT:SHORT:0.0227,"05/23/2023, 05:00:26 AM","05/29/2023, 12:11:00 AM",RVNUSDT,Bybit USDT,SHORT,10,0.022,0,2,2,30.276,100,50,15.138,0,15.138,closed,0.022,0.022,0.022,0.023,0.021,0.021,0.02,0.019,0.017,0.016,0.014,0.013,0.023,43.084,68.027,97.506,158.73,222.222,283.447,351.474,403.628,-29.478
FXSUSDT:SHORT:7.4875,"05/23/2023, 06:00:29 AM",,FXSUSDT,Bybit USDT,SHORT,10,7.278,0,1,7,106.304,100,25,24.157,2.419,26.576,open,7.278,7.331,7.384,7.437,6.965,6.784,6.566,6.131,5.659,5.224,4.716,4.353,7.488,42.941,67.88,97.767,157.609,222.398,282.24,351.975,401.855,-28.856
HIGHUSDT:SHORT:1.7975,"05/23/2023, 08:00:28 AM","05/23/2023, 10:50:00 AM",HIGHUSDT,Bybit USDT,SHORT,10,1.766,0,4,0,-17.76,100,100,-17.76,0,-17.76,closed,1.747,1.76,1.773,1.786,1.672,1.629,1.577,1.472,1.359,1.254,1.132,1.045,1.798,42.931,67.831,97.596,157.699,222.381,282.198,352.032,401.832,-28.907
LPTUSDT:LONG:4.862,"05/23/2023, 09:00:28 AM","05/27/2023, 03:57:00 PM",LPTUSDT,Bybit USDT,LONG,10,4.952,0,4,0,-18.205,100,100,-18.205,0,-18.205,closed,5.008,4.971,4.934,4.897,5.223,5.349,5.5,5.801,6.128,6.429,6.781,7.032,4.862,42.931,68.091,98.243,158.347,223.642,283.746,354.034,404.153,-29.153
TOMOUSDT:LONG:1.227,"05/23/2023, 10:00:06 AM","05/24/2023, 06:11:00 PM",TOMOUSDT,Binance Futures,LONG,10,1.254,0,3,3,43.702,100,75,32.777,0,32.777,closed,1.264,1.255,1.245,1.236,1.318,1.35,1.388,1.464,1.546,1.623,1.711,1.775,1.227,43.124,68.128,98.275,158.411,223.611,283.827,354.012,404.178,-29.119
QTUMUSDT:SHORT:2.805,"05/23/2023, 11:00:23 AM","05/28/2023, 08:29:00 AM",QTUMUSDT,Bybit USDT,SHORT,10,2.748,0,3,1,25.153,100,75,18.865,0,18.865,closed,2.73,2.748,2.767,2.785,2.61,2.54,2.46,2.295,2.12,1.955,1.765,1.63,2.805,43.956,69.597,98.901,159.341,223.443,283.883,353.48,402.93,-27.473
QTUMUSDT:SHORT:2.81,"05/23/2023, 01:00:29 PM","05/25/2023, 02:04:00 AM",QTUMUSDT,Bybit USDT,SHORT,10,2.753,0,3,1,25.107,100,75,18.83,0,18.83,closed,2.735,2.753,2.772,2.79,2.615,2.545,2.465,2.3,2.125,1.96,1.77,1.635,2.81,43.876,69.47,98.72,159.049,223.035,283.364,352.834,402.194,-27.422
AKROUSDT:SHORT:0.00383,"05/27/2023, 08:00:24 PM",,AKROUSDT,Bybit USDT,SHORT,10,0,0,0,0,0,100,0,0,0,0,open,0.004,0.004,0.004,0.004,0.004,0.003,0.003,0.003,0.003,0.003,0.002,0.002,0.004,43.7,68.633,98.66,158.177,223.056,282.842,352.547,402.413,-26.81
EDUUSDT:LONG:1.2011,"05/28/2023, 03:00:04 PM","05/28/2023, 03:47:00 PM",EDUUSDT,Binance Futures,LONG,10,1.237,0,1,1,42.232,100,25,10.558,0,10.558,closed,1.237,1.228,1.219,1.21,1.291,1.322,1.359,1.433,1.514,1.588,1.675,1.737,1.201,43.081,68.138,98.206,158.422,223.569,283.786,354.025,404.138,-29.179
QNTUSDT:LONG:100.87,"05/28/2023, 11:00:20 PM","05/29/2023, 12:56:00 PM",QNTUSDT,Binance Futures,LONG,10,0,0,0,0,0,100,0,0,0,0,closed,103.9,103.133,102.367,101.6,108.37,110.98,114.1,120.36,127.13,133.38,140.68,145.89,100.87,43.022,68.142,98.171,158.422,223.58,283.734,353.994,404.139,-29.163
NKNUSDT:LONG:0.11519,"05/30/2023, 05:00:09 PM","05/31/2023, 03:00:00 AM",NKNUSDT,Binance Futures,LONG,10,0,0,0,0,0,100,0,0,0,0,closed,0.119,0.118,0.117,0.116,0.124,0.127,0.13,0.137,0.145,0.152,0.161,0.167,0.115,43.156,68.189,98.281,158.463,223.702,283.8,354.096,404.164,-29.08
NEOUSDT:LONG:10.288,"05/30/2023, 08:00:22 PM","05/31/2023, 06:48:00 AM",NEOUSDT,Binance Futures,LONG,10,10.479,0,4,0,-18.253,100,100,-18.253,0,-18.253,closed,10.597,10.519,10.441,10.363,11.054,11.319,11.638,12.276,12.967,13.605,14.349,14.88,10.288,43.125,68.132,98.235,158.441,223.648,283.854,354.062,404.171,-29.159
ALPHAUSDT:LONG:0.11142,"05/31/2023, 05:00:10 AM","05/31/2023, 07:58:00 AM",ALPHAUSDT,Binance Futures,LONG,10,0.113,0,4,0,-18.215,100,100,-18.215,0,-18.215,closed,0.115,0.114,0.113,0.112,0.12,0.123,0.126,0.133,0.14,0.147,0.155,0.161,0.111,43.133,68.229,98.292,158.505,223.684,283.897,354.043,404.235,-29.104
LITUSDT:LONG:0.875,"05/31/2023, 05:00:16 PM","06/05/2023, 05:01:00 AM",LITUSDT,Binance Futures,LONG,10,0.894,0,3,2,33.121,100,75,24.841,0,24.841,closed,0.901,0.894,0.888,0.881,0.94,0.962,0.989,1.044,1.102,1.157,1.22,1.265,0.875,43.285,67.703,97.669,158.713,223.085,284.129,354.051,403.996,-28.857
OPUSDT:LONG:1.3943,"06/02/2023, 06:00:16 PM","06/05/2023, 04:55:00 AM",OPUSDT,Bybit USDT,LONG,10,1.436,0,1,1,21.551,100,25,5.388,0,5.388,closed,1.436,1.426,1.415,1.404,1.498,1.534,1.577,1.664,1.757,1.844,1.945,2.017,1.394,43.103,68.171,98.252,158.415,223.592,283.824,354.014,404.15,-29.107
ACHUSDT:LONG:0.02824,"06/03/2023, 04:00:08 AM","06/03/2023, 08:08:00 PM",ACHUSDT,Binance Futures,LONG,10,0.029,0,4,0,-18.354,100,100,-18.354,0,-18.354,closed,0.029,0.029,0.029,0.028,0.03,0.031,0.032,0.034,0.036,0.037,0.039,0.041,0.028,42.97,68.065,98.316,158.474,223.444,283.946,354.074,404.263,-29.22
FLOWUSDT:LONG:0.7105,"06/05/2023, 01:00:19 AM","06/05/2023, 07:06:00 AM",FLOWUSDT,Bybit USDT,LONG,10,0.724,0,4,0,-18.914,100,100,-18.914,0,-18.914,closed,0.733,0.727,0.722,0.716,0.764,0.782,0.804,0.848,0.896,0.94,0.992,1.028,0.711,42.321,67.577,97.611,157.679,223.208,283.276,353.584,403.413,-30.034
BELUSDT:SHORT:0.769,"06/05/2023, 04:00:22 PM","06/10/2023, 06:27:00 AM",BELUSDT,Bybit USDT,SHORT,10,0.75,0,2,8,119.911,100,50,59.956,0,59.956,closed,0.747,0.753,0.758,0.764,0.715,0.697,0.674,0.63,0.581,0.537,0.484,0.447,0.769,42.949,67.835,97.672,157.613,222.371,282.178,352.02,401.793,-28.9
ALPHAUSDT:LONG:0.11727,"06/08/2023, 07:00:05 AM","06/08/2023, 07:39:00 AM",ALPHAUSDT,Binance Futures,LONG,10,0.119,0,4,0,-18.223,100,100,-18.223,0,-18.223,closed,0.121,0.12,0.119,0.118,0.126,0.129,0.133,0.14,0.148,0.155,0.164,0.17,0.117,43.05,68.135,98.187,158.374,223.611,283.798,354.003,404.09,-29.141
1000XECUSDT:SHORT:0.01985,"06/10/2023, 07:00:34 AM","06/10/2023, 07:20:00 PM",1000XECUSDT,Binance Futures,SHORT,10,0.02,0,4,0,-17.492,100,100,-17.492,0,-17.492,closed,0.019,0.019,0.02,0.02,0.018,0.018,0.017,0.016,0.015,0.014,0.013,0.012,0.02,43.005,68.394,97.927,158.031,222.798,282.383,352.332,402.073,-28.497
ASTRUSDT:LONG:0.03689,"06/13/2023, 05:00:17 PM","06/14/2023, 10:50:00 PM",ASTRUSDT,Binance Futures,LONG,10,0.038,0,3,1,25.384,100,75,19.038,0,19.038,closed,0.038,0.038,0.037,0.037,0.04,0.041,0.042,0.044,0.046,0.049,0.051,0.053,0.037,42.895,67.895,98.158,158.158,223.421,283.684,353.684,403.947,-29.211
SUIUSDT:SHORT:0.6507,"06/14/2023, 11:00:24 PM","06/15/2023, 01:48:00 AM",SUIUSDT,Binance Futures,SHORT,10,0.639,0,4,0,-17.739,100,100,-17.739,0,-17.739,closed,0.633,0.637,0.642,0.646,0.605,0.59,0.571,0.533,0.492,0.454,0.41,0.378,0.651,43.004,67.826,97.866,157.628,222.451,282.213,352.095,401.897,-28.775
DASHUSDT:LONG:29.86,"06/16/2023, 10:00:23 PM","06/18/2023, 10:24:00 PM",DASHUSDT,Binance Futures,LONG,10,30.413,0,4,0,-18.177,100,100,-18.177,0,-18.177,closed,30.76,30.53,30.3,30.07,32.08,32.85,33.78,35.63,37.63,39.48,41.64,43.19,29.86,42.913,67.945,98.179,158.322,223.342,283.485,353.706,404.096,-29.259
JASMYUSDT:LONG:0.00372,"06/17/2023, 08:00:05 AM","06/17/2023, 05:19:00 PM",JASMYUSDT,Bybit USDT,LONG,10,0.004,0,1,1,21.932,100,25,5.483,0,5.483,closed,0.004,0.004,0.004,0.004,0.004,0.004,0.004,0.004,0.005,0.005,0.005,0.005,0.004,43.864,68.93,99.217,159.269,224.543,284.856,355.091,405.483,-28.721
INJUSDT:LONG:6.257,"06/17/2023, 01:00:08 PM","06/18/2023, 02:16:00 AM",INJUSDT,Binance Futures,LONG,10,6.373,0,4,0,-18.21,100,100,-18.21,0,-18.21,closed,6.445,6.397,6.35,6.302,6.722,6.884,7.078,7.465,7.886,8.273,8.726,9.049,6.257,42.979,68.115,98.216,158.262,223.584,283.631,353.918,404.034,-29.17
THETAUSDT:SHORT:0.6654,"06/18/2023, 11:00:27 PM","06/21/2023, 01:04:00 AM",THETAUSDT,Bybit USDT,SHORT,10,0.654,0,4,0,-17.809,100,100,-17.809,0,-17.809,closed,0.647,0.651,0.656,0.661,0.619,0.603,0.584,0.545,0.503,0.464,0.419,0.387,0.665,42.833,67.883,97.727,157.569,222.36,282.202,351.941,401.887,-28.916
FXSUSDT:SHORT:6.118,"06/20/2023, 10:00:26 PM","06/21/2023, 10:59:00 AM",FXSUSDT,Binance Futures,SHORT,10,6.012,0,4,0,-17.697,100,100,-17.697,0,-17.697,closed,5.947,5.99,6.034,6.077,5.691,5.543,5.365,5.01,4.624,4.268,3.853,3.557,6.118,43.047,67.933,97.864,157.558,222.465,282.327,352.11,401.883,-28.754
LPTUSDT:LONG:4.001,"06/21/2023, 01:00:25 AM","06/21/2023, 06:15:00 PM",LPTUSDT,Bybit USDT,LONG,10,0,0,0,0,0,100,0,0,0,0,closed,4.122,4.091,4.061,4.03,4.299,4.402,4.526,4.774,5.043,5.291,5.58,5.787,4.001,42.94,67.928,98.011,158.176,223.435,283.6,353.712,403.93,-29.355
WOOUSDT:LONG:0.1982,"06/21/2023, 02:00:28 AM","06/24/2023, 06:02:00 PM",WOOUSDT,Binance Futures,LONG,10,0.204,0,1,3,38.193,100,25,9.548,0,9.548,closed,0.204,0.203,0.201,0.2,0.213,0.218,0.224,0.236,0.25,0.262,0.276,0.287,0.198,43.106,68.136,98.261,158.413,223.61,283.811,354.004,404.164,-29.145
CRVUSDT:LONG:0.648,"06/21/2023, 03:00:31 AM","06/23/2023, 12:57:00 AM",CRVUSDT,Binance Futures,LONG,10,0.665,0,2,1,22.922,100,50,11.461,0,11.461,closed,0.668,0.663,0.658,0.653,0.696,0.713,0.733,0.773,0.817,0.857,0.904,0.938,0.648,41.916,67.365,97.305,157.186,223.054,282.934,353.293,404.192,-29.94
ONTUSDT:LONG:0.17035,"06/21/2023, 06:00:17 AM","06/22/2023, 04:41:00 PM",ONTUSDT,Bybit USDT,LONG,10,0.175,0,1,2,28.327,100,25,7.082,0,7.082,closed,0.175,0.174,0.173,0.172,0.183,0.187,0.193,0.203,0.215,0.225,0.238,0.246,0.17,43.032,68.111,98.319,158.45,223.71,283.842,354.232,404.104,-29.068
KEYUSDT:LONG:0.0063,"06/21/2023, 08:00:28 AM","06/21/2023, 12:32:00 PM",KEYUSDT,Binance Futures,LONG,10,0.006,0,4,0,-17.852,100,100,-17.852,0,-17.852,closed,0.006,0.006,0.006,0.006,0.007,0.007,0.007,0.008,0.008,0.008,0.009,0.009,0.006,42.835,67.951,97.997,158.089,223.267,283.513,353.621,403.852,-29.276
OGNUSDT:LONG:0.0766,"06/22/2023, 12:00:25 AM","06/22/2023, 12:08:00 PM",OGNUSDT,Binance Futures,LONG,10,0,0,0,0,0,100,0,0,0,0,closed,0.079,0.078,0.078,0.077,0.082,0.084,0.087,0.091,0.097,0.101,0.107,0.111,0.077,41.772,67.089,97.468,156.962,222.785,282.278,353.165,402.532,-30.38
DUSKUSDT:SHORT:0.13304,"06/22/2023, 11:00:05 AM","06/23/2023, 07:42:00 PM",DUSKUSDT,Binance Futures,SHORT,10,0.131,0,4,2,34.394,100,100,34.394,0,34.394,closed,0.129,0.13,0.131,0.132,0.124,0.121,0.117,0.109,0.101,0.093,0.084,0.077,0.133,42.92,67.822,97.75,157.606,222.411,282.19,352.022,401.825,-28.845
KSMUSDT:SHORT:25.59,"06/24/2023, 06:00:37 AM","06/25/2023, 04:58:00 AM",KSMUSDT,Binance Futures,SHORT,10,25.138,0,4,0,-17.965,100,100,-17.965,0,-17.965,closed,24.87,25.05,25.23,25.41,23.8,23.18,22.44,20.95,19.34,17.85,16.12,14.87,25.59,43.024,67.953,97.708,157.62,222.356,282.268,351.83,402.091,-28.951
SPELLUSDT:SHORT:0.00051,"06/24/2023, 08:00:18 AM","06/24/2023, 05:55:00 PM",SPELLUSDT,Binance Futures,SHORT,10,0,0,0,0,0,100,0,0,0,0,closed,0.001,0.001,0.001,0.001,0,0,0,0,0,0,0,0,0.001,49.2,73.8,103.6,163,227.4,286.8,356.2,405.8,-20
CHRUSDT:SHORT:0.1396,"06/24/2023, 02:00:05 PM",,CHRUSDT,Binance Futures,SHORT,10,0.137,0,4,5,107.965,100,100,73.466,34.499,107.965,open,0.136,0.137,0.138,0.139,0.13,0.127,0.122,0.114,0.106,0.097,0.088,0.081,0.14,43.478,67.797,98.01,157.701,222.55,282.24,352.248,402.358,-28.74
TLMUSDT:SHORT:0.01261,"06/25/2023, 09:00:08 AM","07/03/2023, 05:01:00 PM",TLMUSDT,Binance Futures,SHORT,10,0.012,0,1,4,54.16,100,25,13.54,0,13.54,closed,0.012,0.012,0.012,0.013,0.012,0.011,0.011,0.01,0.01,0.009,0.008,0.007,0.013,43.23,68.515,98.695,158.238,222.675,283.034,352.365,402.121,-28.548
NKNUSDT:SHORT:0.10353,"06/26/2023, 03:00:22 PM","06/27/2023, 02:42:00 PM",NKNUSDT,Binance Futures,SHORT,10,0.101,0,1,2,28.255,100,25,7.064,0,7.064,closed,0.101,0.101,0.102,0.103,0.096,0.094,0.091,0.085,0.078,0.072,0.065,0.06,0.104,42.934,67.879,97.794,157.523,222.421,282.151,352.017,401.809,-28.921
RDNTUSDT:SHORT:0.29325,"06/28/2023, 04:00:10 PM","06/28/2023, 04:46:00 PM",RDNTUSDT,Bybit USDT,SHORT,10,0.288,0,4,0,-17.677,100,100,-17.677,0,-17.677,closed,0.285,0.287,0.289,0.291,0.273,0.266,0.257,0.24,0.222,0.205,0.185,0.171,0.293,42.975,67.883,97.702,157.692,222.417,282.231,352.044,401.859,-28.767
CRVUSDT:SHORT:0.704,"06/28/2023, 06:00:23 PM","06/28/2023, 09:30:00 PM",CRVUSDT,Binance Futures,SHORT,10,0,0,0,0,0,100,0,0,0,0,closed,0.685,0.69,0.695,0.7,0.655,0.638,0.618,0.577,0.532,0.491,0.443,0.409,0.704,43.796,68.613,97.81,157.664,223.358,283.212,353.285,402.92,-27.737
HNTUSDT:SHORT:1.311,"06/28/2023, 10:00:29 PM","06/28/2023, 10:01:00 PM",HNTUSDT,Bybit USDT,SHORT,10,1.288,0,4,0,-17.524,100,100,-17.524,0,-17.524,closed,1.275,1.284,1.293,1.302,1.22,1.188,1.15,1.073,0.991,0.915,0.826,0.762,1.311,43.137,68.235,98.039,158.431,222.745,282.353,352.157,402.353,-28.235
FETUSDT:SHORT:0.2285,"06/29/2023, 01:00:29 PM","06/30/2023, 06:40:00 AM",FETUSDT,Binance Futures,SHORT,10,0.225,0,4,0,-17.429,100,100,-17.429,0,-17.429,closed,0.222,0.224,0.225,0.227,0.213,0.207,0.2,0.187,0.173,0.159,0.144,0.133,0.229,43.204,67.957,98.11,157.966,222.772,282.628,352.385,401.89,-28.353
NEOUSDT:LONG:8.695,"06/30/2023, 05:00:23 AM","07/05/2023, 12:42:00 PM",NEOUSDT,Bybit USDT,LONG,10,8.956,0,1,4,54.031,100,25,13.508,0,13.508,closed,8.956,8.89,8.824,8.758,9.342,9.566,9.836,10.375,10.959,11.498,12.127,12.576,8.695,43.1,68.111,98.258,158.441,223.649,283.832,354.064,404.198,-29.142
CKBUSDT:SHORT:0.00298,"06/30/2023, 06:00:23 AM","06/30/2023, 06:50:00 PM",CKBUSDT,Bybit USDT,SHORT,10,0.003,0,3,1,26.436,100,75,19.827,0,19.827,closed,0.003,0.003,0.003,0.003,0.003,0.003,0.003,0.002,0.002,0.002,0.002,0.002,0.003,46.392,70.447,101.375,159.794,225.086,285.223,353.952,403.78,-24.055
OGNUSDT:LONG:0.0777,"06/30/2023, 11:00:20 AM","06/30/2023, 03:41:00 PM",OGNUSDT,Bybit USDT,LONG,10,0.079,0,4,0,-18.241,100,100,-18.241,0,-18.241,closed,0.08,0.079,0.079,0.078,0.084,0.086,0.088,0.093,0.098,0.103,0.108,0.112,0.078,42.447,67.416,97.378,157.303,222.222,282.147,353.308,403.246,-29.963
WAVESUSDT:LONG:1.8,"07/02/2023, 06:00:19 PM","07/04/2023, 09:14:00 PM",WAVESUSDT,Bybit USDT,LONG,10,1.848,0,2,2,30.561,100,50,15.28,0,15.28,closed,1.855,1.841,1.827,1.814,1.934,1.981,2.037,2.148,2.269,2.381,2.511,2.604,1.8,42.869,67.943,98.14,158.264,223.51,283.634,354.004,404.152,-29.388
MKRUSDT:LONG:974.3,"07/03/2023, 11:00:05 PM","07/04/2023, 12:22:00 AM",MKRUSDT,Binance Futures,LONG,10,999.886,0,2,2,30.672,100,50,15.336,0,15.336,closed,1003.6,996.2,988.8,981.4,1046.8,1072,1102.2,1162.6,1228,1288.4,1358.9,1409.2,974.3,43.045,68.155,98.246,158.43,223.595,283.778,354.026,404.145,-29.195
UNIUSDT:LONG:5.236,"07/06/2023, 03:00:15 PM","07/07/2023, 02:02:00 AM",UNIUSDT,Bybit USDT,LONG,10,5.334,0,4,0,-18.304,100,100,-18.304,0,-18.304,closed,5.394,5.354,5.314,5.274,5.626,5.761,5.923,6.248,6.6,6.924,7.303,7.574,5.236,43.011,68.039,98.072,158.324,223.582,283.648,353.912,404.153,-29.292
YFIUSDT:LONG:6721,"07/08/2023, 10:00:12 PM","07/10/2023, 02:08:00 AM",YFIUSDT,Binance Futures,LONG,10,6923,0,1,1,21.522,100,25,5.381,0,5.381,closed,6923,6872,6821,6770,7221,7395,7603,8020,8471,8888,9374,9721,6721,43.045,68.179,98.223,158.457,223.602,283.836,354.037,404.16,-29.178
ARBUSDT:SHORT:1.1603,"07/11/2023, 04:15:17 PM","07/13/2023, 05:43:00 PM",ARBUSDT,Bybit USDT,SHORT,20,1.129,0,4,0,-55.483,100,100,-55.483,0,-55.483,closed,1.114,1.124,1.134,1.145,1.08,1.047,1.024,0.991,0.969,0.935,0.913,0.891,1.16,59.991,119.982,160.036,220.027,260.081,320.072,359.946,400,-84.059
1INCHUSDT:LONG:0.3105,"07/12/2023, 08:00:40 PM","07/16/2023, 08:40:00 AM",1INCHUSDT,Bybit USDT,LONG,20,0.319,0,4,8,176.453,100,100,176.453,-0,176.453,closed,0.324,0.321,0.318,0.315,0.334,0.344,0.35,0.36,0.366,0.376,0.382,0.389,0.311,58.642,120.37,160.494,219.136,259.259,317.901,358.025,398.148,-83.333
AKROUSDT:SHORT:0.005073,"07/14/2023, 06:30:45 PM",,AKROUSDT,Bybit USDT,SHORT,20,0,0,0,0,0,100,0,0,0,0,open,0.005,0.005,0.005,0.005,0.005,0.005,0.004,0.004,0.004,0.004,0.004,0.004,0.005,60.382,120.353,160.197,220.168,260.012,320.394,360.238,400.082,-83.795
ASTRUSDT:LONG:0.04312,"07/14/2023, 08:08:12 PM","07/14/2023, 08:30:00 PM",ASTRUSDT,Bybit USDT,LONG,10,0.044,0,4,0,-28.336,100,100,-28.336,0,-28.336,closed,0.045,0.045,0.044,0.044,0.046,0.048,0.049,0.05,0.051,0.052,0.053,0.054,0.043,29.99,59.98,79.973,109.963,129.957,159.947,179.94,199.933,-42.097
ETCUSDT:SHORT:20.001,"07/15/2023, 09:00:51 AM",,ETCUSDT,Binance Futures,SHORT,20,19.461,0,4,3,101.621,100,100,76.388,25.233,101.621,open,19.195,19.374,19.553,19.732,18.619,18.043,17.659,17.083,16.699,16.124,15.74,15.356,20.001,60.016,120.031,160.042,220.057,260.068,319.979,359.99,400,-83.98
RUNEUSDT:SHORT:1.074,"07/15/2023, 10:15:51 AM",,RUNEUSDT,Binance Futures,SHORT,20,1.031,0,1,4,116.78,100,25,20.078,9.117,29.195,open,1.031,1.04,1.05,1.059,1,0.969,0.948,0.917,0.896,0.866,0.845,0.824,1.074,60.136,120.272,161.009,221.145,261.882,320.078,360.815,401.552,-83.414
BLZUSDT:SHORT:0.06171,"07/15/2023, 09:15:53 PM","07/16/2023, 10:04:00 AM",BLZUSDT,Bybit USDT,SHORT,20,0.059,0,1,1,30.052,100,25,7.513,0,7.513,closed,0.059,0.06,0.06,0.061,0.057,0.056,0.054,0.053,0.052,0.05,0.049,0.047,0.062,60.105,120.209,160.054,220.159,260.003,320.108,360.29,400.135,-83.741
BLZUSDT:SHORT:0.06098,"07/16/2023, 10:15:53 AM","07/16/2023, 12:31:00 PM",BLZUSDT,Bybit USDT,SHORT,20,0.059,0,4,0,-55.493,100,100,-55.493,0,-55.493,closed,0.059,0.059,0.06,0.06,0.057,0.055,0.054,0.052,0.051,0.049,0.048,0.047,0.061,60.15,119.959,159.945,220.096,260.082,320.232,360.219,400.205,-84.074
ONTUSDT:SHORT:0.2164,"07/16/2023, 04:15:45 PM","07/17/2023, 04:02:00 PM",ONTUSDT,Binance Futures,SHORT,20,0.209,0,2,1,34.804,100,50,17.402,0,17.402,closed,0.208,0.21,0.212,0.214,0.201,0.195,0.191,0.185,0.181,0.174,0.17,0.166,0.216,60.664,120.366,160.809,220.51,260.953,320.655,360.135,400.578,-83.775
APEUSDT:LONG:1.938,"07/16/2023, 08:30:36 PM","07/17/2023, 12:25:00 PM",APEUSDT,Bybit USDT,LONG,20,1.995,0,4,0,-57.41,100,100,-57.41,0,-57.41,closed,2.024,2.005,1.986,1.967,2.084,2.145,2.185,2.246,2.287,2.347,2.388,2.428,1.938,59.289,119.565,159.091,219.368,259.881,319.17,359.684,399.209,-84.98
ZILUSDT:SHORT:0.02298,"07/17/2023, 05:45:58 AM","07/18/2023, 02:21:00 AM",ZILUSDT,Binance Futures,SHORT,20,0.022,0,4,0,-55.676,100,100,-55.676,0,-55.676,closed,0.022,0.022,0.022,0.023,0.021,0.021,0.02,0.02,0.019,0.019,0.018,0.018,0.023,59.864,119.728,159.637,219.501,259.41,320.181,360.091,400,-84.354
ADAUSDT:LONG:0.2991,"07/17/2023, 12:01:01 PM","07/18/2023, 06:48:00 PM",ADAUSDT,Bybit USDT,LONG,20,0.308,0,4,0,-56.63,100,100,-56.63,0,-56.63,closed,0.312,0.309,0.306,0.304,0.322,0.331,0.337,0.347,0.353,0.362,0.368,0.375,0.299,60.218,120.436,160.154,220.372,260.09,320.307,360.026,400.384,-83.921
BALUSDT:LONG:4.505,"07/18/2023, 10:31:12 AM","07/23/2023, 01:05:00 AM",BALUSDT,Bybit USDT,LONG,20,4.639,0,4,0,-57.978,100,100,-57.978,0,-57.978,closed,4.705,4.662,4.618,4.575,4.845,4.985,5.08,5.225,5.315,5.46,5.55,5.645,4.505,59.511,119.022,159.405,221.041,259.299,320.935,359.192,399.575,-85.016
KNCUSDT:SHORT:0.6142,"07/19/2023, 03:00:42 PM","07/21/2023, 05:02:00 PM",KNCUSDT,Binance Futures,SHORT,20,0.598,0,4,0,-55.601,100,100,-55.601,0,-55.601,closed,0.589,0.595,0.6,0.606,0.572,0.554,0.542,0.525,0.513,0.495,0.483,0.472,0.614,60.061,119.783,159.824,219.885,259.925,319.986,360.027,400.068,-84.153
BALUSDT:SHORT:4.815,"07/20/2023, 01:30:36 AM",,BALUSDT,Bybit USDT,SHORT,20,4.666,0,3,3,105.442,100,75,52.715,26.367,79.082,open,4.625,4.667,4.708,4.75,4.485,4.345,4.255,4.115,4.02,3.885,3.79,3.7,4.815,60.541,121.081,160,220.541,261.622,320,361.081,400,-82.162
XRPUSDT:LONG:0.7767,"07/20/2023, 11:15:43 AM","07/20/2023, 10:31:00 PM",XRPUSDT,Binance Futures,LONG,20,0.799,0,4,0,-56.453,100,100,-56.453,0,-56.453,closed,0.811,0.803,0.796,0.788,0.835,0.859,0.876,0.9,0.916,0.94,0.957,0.973,0.777,59.948,120.143,160.109,220.057,260.022,319.97,360.183,400.148,-83.878
DASHUSDT:SHORT:34.25,"07/21/2023, 04:45:57 AM",,DASHUSDT,Binance Futures,SHORT,20,33.326,0,4,2,94.368,100,100,57.965,36.403,94.368,open,32.87,33.177,33.483,33.79,31.88,30.9,30.24,29.25,28.6,27.61,26.95,26.29,34.25,60.237,119.866,160.024,220.262,259.811,320.049,360.207,400.365,-83.967
THETAUSDT:LONG:0.7756,"07/21/2023, 09:15:42 PM","07/24/2023, 11:50:00 AM",THETAUSDT,Binance Futures,LONG,20,0.798,0,4,1,44.778,100,100,44.778,0,44.778,closed,0.81,0.802,0.794,0.787,0.834,0.858,0.874,0.899,0.915,0.939,0.955,0.972,0.776,60.03,120.059,159.832,219.862,259.881,319.911,359.931,399.951,-83.992
ARPAUSDT:LONG:0.04843,"07/22/2023, 12:16:01 PM","07/24/2023, 11:50:00 AM",ARPAUSDT,Bybit USDT,LONG,20,0.05,0,4,0,-56.752,100,100,-56.752,0,-56.752,closed,0.051,0.05,0.05,0.049,0.052,0.054,0.055,0.056,0.057,0.059,0.06,0.061,0.048,59.731,119.858,159.81,219.937,259.889,320.016,359.968,399.921,-84.256
ANTUSDT:LONG:3.995,"07/23/2023, 01:58:30 PM","07/24/2023, 05:43:00 AM",ANTUSDT,Bybit USDT,LONG,10,4.112,0,4,0,-28.466,100,100,-28.466,0,-28.466,closed,4.17,4.132,4.093,4.055,4.295,4.42,4.505,4.63,4.71,4.84,4.92,5.005,3.995,29.976,59.952,80.336,110.312,129.496,160.671,179.856,200.24,-41.966
VETUSDT:LONG:0.01882,"07/23/2023, 10:01:01 PM","07/24/2023, 11:50:00 AM",VETUSDT,Binance Futures,LONG,20,0.019,0,4,0,-57.073,100,100,-57.073,0,-57.073,closed,0.02,0.019,0.019,0.019,0.02,0.021,0.021,0.022,0.022,0.023,0.023,0.024,0.019,60.051,120.102,159.796,219.847,260.56,319.593,360.305,400,-84.478
WAVESUSDT:SHORT:2.0801,"07/24/2023, 08:30:19 AM","07/24/2023, 11:50:00 AM",WAVESUSDT,Binance Futures,SHORT,20,0,0,0,0,0,100,0,0,0,0,closed,1.996,2.015,2.033,2.052,1.936,1.877,1.837,1.777,1.737,1.677,1.637,1.597,2.08,59.914,119.928,160.004,219.918,259.994,320.008,359.984,399.96,-84.06
KNCUSDT:LONG:0.6507,"07/25/2023, 09:30:39 PM","07/27/2023, 04:25:00 PM",KNCUSDT,Binance Futures,LONG,20,0.67,0,4,3,78.845,100,100,78.845,0,78.845,closed,0.679,0.673,0.667,0.66,0.7,0.72,0.734,0.754,0.768,0.788,0.802,0.815,0.651,60.062,119.829,159.87,219.932,259.974,320.035,360.077,399.823,-84.204
EGLDUSDT:SHORT:33.45,"07/26/2023, 04:00:55 AM",,EGLDUSDT,Binance Futures,SHORT,20,32.552,0,4,0,29.591,100,100,0,29.591,29.591,open,32.11,32.407,32.703,33,31.14,30.18,29.54,28.57,27.93,26.97,26.33,25.68,33.45,60.417,120.212,160.075,220.492,260.355,320.149,360.012,400.498,-83.463
THETAUSDT:LONG:0.7977,"07/26/2023, 01:45:57 PM","07/27/2023, 04:41:00 PM",THETAUSDT,Binance Futures,LONG,20,0.821,0,4,0,-56.661,100,100,-56.661,0,-56.661,closed,0.833,0.825,0.817,0.809,0.858,0.883,0.899,0.924,0.941,0.966,0.983,0.999,0.798,60.046,120.091,159.962,220.007,260.118,319.923,360.034,400.144,-84.064
XLMUSDT:LONG:0.1389,"07/26/2023, 08:30:48 PM",,XLMUSDT,Binance Futures,LONG,20,0.144,0,2,7,143.217,100,50,68.279,3.33,71.609,open,0.145,0.144,0.142,0.141,0.149,0.154,0.157,0.161,0.164,0.168,0.171,0.174,0.139,60.004,120.008,160.011,220.015,260.018,320.022,360.025,400.028,-84.006
COMPUSDT:SHORT:75.41,"07/27/2023, 08:45:46 AM","07/29/2023, 02:10:00 AM",COMPUSDT,Binance Futures,SHORT,20,73.372,0,4,1,43.235,100,100,43.235,0,43.235,closed,72.37,73.043,73.717,74.39,70.2,68.03,66.58,64.41,62.96,60.79,59.34,57.89,75.41,59.97,119.939,160.011,219.981,260.053,320.022,360.094,400.166,-84.013
ARPAUSDT:LONG:0.04915,"07/29/2023, 11:45:41 AM","07/30/2023, 10:01:00 PM",ARPAUSDT,Binance Futures,LONG,20,0.051,0,4,0,-56.52,100,100,-56.52,0,-56.52,closed,0.051,0.051,0.05,0.05,0.053,0.054,0.055,0.057,0.058,0.06,0.061,0.062,0.049,60.039,120.078,160.234,220.273,260.039,320.078,360.234,400,-83.821
