signalId,date open,date closed,coin,exchange,direction,leverage,avgEntryPrice,avgTpValue,maxReachedEntry,maxReachedTp,pnl,allocatedAmount,spentAmount,realizedProfit,unrealizedProfit,totalProfit,status,EP1,EP2,EP3,EP4,TP1,TP2,TP3,TP4,TP5,TP6,TP7,TP8,TP9,TP10,TP11,stopLoss,TP Pot. Profit 1,TP Pot. Profit 2,TP Pot. Profit 3,TP Pot. Profit 4,TP Pot. Profit 5,TP Pot. Profit 6,TP Pot. Profit 7,TP Pot. Profit 8,TP Pot. Profit 9,TP Pot. Profit 10,TP Pot. Profit 11,potentialLoss
GMT/USDT:SHORT:0.445,"02/22/2023, 01:54:47 PM","02/22/2023, 08:07:00 PM",GMT/USDT,,SHORT,10,0.424,0,2,1,3.662,100,50,1.831,0,1.831,closed,0.422,0.426,0.431,0.435,0.415,0.407,0.4,0.39,0.38,0.37,,,,,,0.445,17.054,36.002,52.582,76.267,99.953,123.638,,,,,,-54.003
MANA/USDT:SHORT:0.66,"03/03/2023, 01:12:15 PM","03/06/2023, 11:19:00 AM",MANA/USDT,,SHORT,10,0.604,0,2,3,13.318,100,50,6.659,0,6.659,closed,0.6,0.608,0.617,0.625,0.59,0.58,0.57,0.56,0.54,0.52,0.5,0.48,0.45,,,0.66,16.667,33.333,50,66.667,100,133.333,166.667,200,250,,,-100
ETC/USDT:SHORT:21.4,"03/03/2023, 01:34:56 PM","03/05/2023, 02:06:00 AM",ETC/USDT,,SHORT,10,20.11,0,3,1,4.337,100,75,3.252,0,3.252,closed,19.82,20.113,20.407,20.7,19.5,19.1,18.8,18.4,17.8,17.4,17,,,,,21.4,16.145,36.327,51.463,71.645,101.917,122.099,142.281,,,,,-79.717
MASK/USDT:SHORT:3.8,"03/04/2023, 11:33:04 AM","03/07/2023, 01:30:00 AM",MASK/USDT,,SHORT,10,3.452,0,4,0,-100.933,100,100,-100.933,0,-100.933,closed,3.31,3.407,3.503,3.6,2.55,2.4,2.25,2.1,2,,,,,,,3.8,229.607,274.924,320.242,365.559,395.77,,,,,,,-148.036
ENS/USDT:SHORT:15,"03/04/2023, 12:00:46 PM","03/05/2023, 12:19:00 AM",ENS/USDT,,SHORT,10,13.96,0,1,1,3.104,100,25,0.776,0,0.776,closed,13.96,14.173,14.387,14.6,13.7,13.5,13.3,13,12.5,12,,,,,,15,18.625,32.951,47.278,68.768,104.585,140.401,,,,,,-74.499
GRT/USDT:SHORT:0.148,"03/04/2023, 11:00:19 PM","03/08/2023, 01:11:00 AM",GRT/USDT,,SHORT,10,0.139,0,4,1,5.365,100,100,5.365,0,5.365,closed,0.136,0.138,0.14,0.142,0.133,0.13,0.127,0.124,0.118,0.112,0.106,0.1,,,,0.148,22.059,44.118,66.176,88.235,132.353,176.471,220.588,264.706,,,,-88.235
NEO/USDT:SHORT:11.6,"03/08/2023, 10:23:46 PM","03/09/2023, 10:12:00 AM",NEO/USDT,,SHORT,10,10.75,0,1,2,5.116,100,25,1.279,0,1.279,closed,10.75,10.9,11.05,11.2,10.55,10.4,10.2,10,9.6,9.3,8.95,8.6,8,7.5,,11.6,18.605,32.558,51.163,69.767,106.977,134.884,167.442,200,255.814,302.326,,-79.07
SUSHI/USDT:LONG:1.08,"03/12/2023, 11:31:54 PM","03/15/2023, 04:37:00 PM",SUSHI/USDT,,LONG,10,1.147,0,4,4,43.969,100,100,43.969,0,43.969,closed,1.164,1.153,1.141,1.13,1.19,1.21,1.23,1.26,1.31,1.35,,,,,,1.08,22.337,39.519,56.701,82.474,125.43,159.794,,,,,,-72.165
APT/USDT:LONG:10.8,"03/13/2023, 10:25:36 AM","03/25/2023, 08:00:00 PM",APT/USDT,,LONG,10,11.599,0,2,7,84.332,100,50,42.166,0,42.166,closed,11.68,11.52,11.36,11.2,12,12.2,12.4,12.6,13.1,13.6,14.1,14.8,16,,,10.8,27.397,44.521,61.644,78.767,121.575,164.384,207.192,267.123,369.863,,,-75.342
LINK/USDT:LONG:6.6,"03/18/2023, 09:47:48 AM","03/20/2023, 08:24:00 PM",LINK/USDT,,LONG,10,7.058,0,4,1,6.113,100,100,6.113,0,6.113,closed,7.22,7.113,7.007,6.9,7.36,7.5,7.64,7.8,8.1,8.4,8.8,,,,,6.6,19.391,38.781,58.172,80.332,121.884,163.435,218.837,,,,,-85.873
SXP/USDT:LONG:0.275,"03/18/2023, 01:21:36 PM","03/21/2023, 06:43:00 AM",SXP/USDT,,LONG,10,0.29,0,4,0,-51.567,100,100,-51.567,0,-51.567,closed,0.295,0.292,0.288,0.285,0.304,0.31,0.316,0.322,0.334,0.345,0.354,0.37,,,,0.275,30.508,50.847,71.186,91.525,132.203,169.492,200,254.237,,,,-67.797
XRP/USDT:LONG:0.35,"03/20/2023, 10:20:00 AM","03/29/2023, 09:28:00 AM",XRP/USDT,,LONG,10,0.377,0,2,9,197.734,100,50,98.867,0,98.867,closed,0.38,0.373,0.367,0.36,0.39,0.4,0.41,0.42,0.44,0.46,0.48,0.51,0.55,,,0.35,26.316,52.632,78.947,105.263,157.895,210.526,263.158,342.105,447.368,,,-78.947
DEFI/USDT:SHORT:640,"03/20/2023, 07:52:42 PM","03/20/2023, 10:04:00 PM",DEFI/USDT,,SHORT,10,609,0,1,1,3.049,100,25,0.762,0,0.762,closed,609,612.667,616.333,620,596,584,575,565,545,532,520,,,,,640,21.346,41.051,55.829,72.25,105.09,126.437,146.141,,,,,-50.903
VET/USDT:SHORT:0.0246,"03/20/2023, 08:00:31 PM","03/21/2023, 12:15:00 AM",VET/USDT,,SHORT,10,0,0,0,0,0,100,0,0,0,0,closed,0.024,0.024,0.024,0.024,0.023,0.023,0.022,0.022,0.021,0.02,0.02,,,,,0.025,21.277,38.298,55.319,72.34,106.383,140.426,170.213,,,,,-46.809
FLOW/USDT:SHORT:1.08,"03/22/2023, 07:40:34 PM","03/23/2023, 04:15:00 PM",FLOW/USDT,,SHORT,10,1.022,0,2,2,13.258,100,50,6.629,0,6.629,closed,1.015,1.03,1.045,1.06,0.99,0.96,0.94,0.92,0.89,0.85,0.81,,,,,1.08,24.631,54.187,73.892,93.596,123.153,162.562,201.97,,,,,-64.039
SAND/USDT:LONG:0.62,"03/23/2023, 06:38:28 PM","03/24/2023, 06:49:00 PM",SAND/USDT,,LONG,10,0.651,0,4,0,-47.468,100,100,-47.468,0,-47.468,closed,0.662,0.655,0.647,0.64,0.675,0.685,0.7,0.715,0.74,0.76,0.78,,,,,0.62,19.637,34.743,57.402,80.06,117.825,148.036,178.248,,,,,-63.444
UNFI/USDT:SHORT:5.2,"03/25/2023, 02:05:08 PM","03/26/2023, 05:00:00 AM",UNFI/USDT,,SHORT,10,4.766,0,2,1,2.709,100,50,1.355,0,1.355,closed,4.72,4.813,4.907,5,4.65,4.56,4.46,4.36,4.15,3.95,3.75,3.6,3.3,,,5.2,14.831,33.898,55.085,76.271,120.763,163.136,205.508,237.288,300.847,,,-101.695
MATIC/USDT:SHORT:1.12,"03/25/2023, 09:10:07 PM","03/28/2023, 09:12:00 PM",MATIC/USDT,,SHORT,10,1.083,0,4,2,11.16,100,100,11.16,0,11.16,closed,1.067,1.078,1.089,1.1,1.045,1.025,1.005,0.985,0.95,0.91,0.88,0.85,,,,1.12,20.619,39.363,58.107,76.851,109.653,147.142,175.258,203.374,,,,-49.672
DOGE/USDT:SHORT:0.0765,"03/25/2023, 09:20:32 PM","03/28/2023, 10:13:00 PM",DOGE/USDT,,SHORT,10,0.074,0,4,1,4.812,100,100,4.812,0,4.812,closed,0.073,0.074,0.074,0.075,0.072,0.071,0.069,0.068,0.065,0.062,0.06,,,,,0.077,20.548,34.247,54.795,75.342,116.438,150.685,178.082,,,,,-47.945
ROSE/USDT:LONG:0.056,"03/31/2023, 08:17:13 PM","04/01/2023, 08:29:00 AM",ROSE/USDT,,LONG,10,0.06,0,1,1,2.602,100,25,0.65,0,0.65,closed,0.06,0.059,0.058,0.058,0.062,0.063,0.064,0.065,0.068,0.07,0.072,,,,,0.056,18.212,34.768,56.291,76.159,125.828,158.94,192.053,,,,,-72.848
DOT/USDT:LONG:5.8,"04/01/2023, 10:14:09 PM","04/02/2023, 04:15:00 AM",DOT/USDT,,LONG,10,0,0,0,0,0,100,0,0,0,0,closed,6.28,6.187,6.093,6,6.4,6.5,6.65,6.75,7,7.3,7.6,,,,,5.8,19.108,35.032,58.917,74.841,114.65,162.42,210.191,,,,,-76.433
REEF/USDT:LONG:0.00256,"04/01/2023, 11:32:18 PM","04/02/2023, 02:09:00 AM",REEF/USDT,,LONG,10,0,0,0,0,0,100,0,0,0,0,closed,0.003,0.003,0.003,0.003,0.003,0.003,0.003,0.003,0.003,0.003,,,,,,0.003,14.599,36.496,58.394,80.292,116.788,167.883,,,,,,-65.693
COMP/USDT:LONG:41,"04/02/2023, 06:55:01 AM","04/02/2023, 02:27:00 PM",COMP/USDT,,LONG,10,43.4,0,1,1,2.304,100,25,0.576,0,0.576,closed,43.4,42.933,42.467,42,44,44.8,45.6,46.4,48,50,,,,,,41,13.825,32.258,50.691,69.124,105.991,152.074,,,,,,-55.3
LRC/USDT:SHORT:0.372,"04/07/2023, 06:23:17 PM","04/10/2023, 07:02:00 PM",LRC/USDT,,SHORT,10,0.357,0,2,2,10.896,100,50,5.448,0,5.448,closed,0.355,0.358,0.362,0.365,0.348,0.342,0.336,0.33,0.316,0.3,,,,,,0.372,19.718,36.62,53.521,70.423,109.859,154.93,,,,,,-47.887
FTM/USDT:SHORT:0.47,"04/09/2023, 08:10:05 AM","04/10/2023, 09:00:00 PM",FTM/USDT,,SHORT,10,0.453,0,4,0,-38.248,100,100,-38.248,0,-38.248,closed,0.446,0.45,0.455,0.46,0.435,0.425,0.415,0.405,0.39,0.38,,,,,,0.47,23.569,46.016,68.462,90.909,124.579,147.026,,,,,,-54.994
MATIC/USDT:SHORT:1.14,"04/09/2023, 08:45:10 AM","04/12/2023, 03:15:00 PM",MATIC/USDT,,SHORT,10,1.109,0,4,1,5.219,100,100,5.219,0,5.219,closed,1.098,1.105,1.113,1.12,1.08,1.06,1.04,1.01,0.98,,,,,,,1.14,16.393,34.608,52.823,80.146,107.468,,,,,,,-38.251
ETH/USDT:LONG:1800,"04/10/2023, 07:54:41 AM","04/12/2023, 04:17:00 AM",ETH/USDT,,LONG,10,1854.987,0,2,2,9.886,100,50,4.943,0,4.943,closed,1860,1850,1840,1830,1890,1930,1960,2010,2050,2100,,,,,,1800,16.129,37.634,53.763,80.645,102.151,129.032,,,,,,-32.258
JOE/USDT:LONG:0.57,"04/11/2023, 09:39:53 AM","04/12/2023, 12:21:00 AM",JOE/USDT,,LONG,10,0.615,0,1,2,8.13,100,25,2.033,0,2.033,closed,0.615,0.607,0.598,0.59,0.63,0.64,0.65,0.66,0.69,0.72,0.76,0.8,,,,0.57,24.39,40.65,56.911,73.171,121.951,170.732,235.772,300.813,,,,-73.171
KSM/USDT:LONG:32.4,"04/11/2023, 10:24:55 AM","04/12/2023, 01:31:00 AM",KSM/USDT,,LONG,10,33.6,0,1,1,3.571,100,25,0.893,0,0.893,closed,33.6,33.333,33.067,32.8,34.2,34.8,35.4,36.2,37.5,,,,,,,32.4,17.857,35.714,53.571,77.381,116.071,,,,,,,-35.714
BAL/USDT:SHORT:7.6,"04/11/2023, 09:09:30 PM","04/13/2023, 11:12:00 AM",BAL/USDT,,SHORT,10,7.09,0,1,2,8.698,100,25,2.174,0,2.174,closed,7.09,7.193,7.297,7.4,6.96,6.85,6.72,6.55,6.25,6,,,,,,7.6,18.336,33.85,52.186,76.164,118.477,153.738,,,,,,-71.932
IMX/USDT:LONG:1.02,"04/11/2023, 09:23:56 PM","04/19/2023, 10:10:00 AM",IMX/USDT,,LONG,10,1.081,0,4,5,72.654,100,100,72.654,0,72.654,closed,1.102,1.088,1.074,1.06,1.125,1.145,1.17,1.195,1.24,1.3,,,,,,1.02,20.871,39.02,61.706,84.392,125.227,179.673,,,,,,-74.41
ENS/USDT:LONG:12.8,"04/13/2023, 08:02:58 AM","04/19/2023, 10:35:00 AM",ENS/USDT,,LONG,10,13.358,0,2,5,44.482,100,50,22.241,0,22.241,closed,13.41,13.307,13.203,13.1,13.6,13.85,14.1,14.4,15,15.5,16,,,,,12.8,14.169,32.811,51.454,73.826,118.568,155.854,193.139,,,,,-45.488
WOO/USDT:LONG:0.22,"04/13/2023, 10:12:28 AM","04/13/2023, 11:15:00 AM",WOO/USDT,,LONG,10,0,0,0,0,0,100,0,0,0,0,closed,0.244,0.24,0.235,0.23,0.25,0.254,0.259,0.263,0.267,0.268,0.279,0.292,0.306,0.32,,0.22,22.913,39.28,59.738,76.105,92.471,94.517,141.571,194.763,252.046,309.329,,-99.836
CELO/USDT:LONG:0.665,"04/14/2023, 11:37:13 AM","04/14/2023, 02:46:00 PM",CELO/USDT,,LONG,10,0.7,0,1,1,2.381,100,25,0.595,0,0.595,closed,0.7,0.693,0.687,0.68,0.71,0.724,0.735,0.748,0.78,0.82,,,,,,0.665,14.286,34.286,50,68.571,114.286,171.429,,,,,,-50
GRT/USDT:LONG:0.15,"04/14/2023, 03:24:47 PM","04/19/2023, 10:11:00 AM",GRT/USDT,,LONG,10,0.155,0,4,4,35.465,100,100,35.465,0,35.465,closed,0.157,0.156,0.154,0.153,0.16,0.163,0.166,0.169,0.176,0.184,0.19,,,,,0.15,20.408,39.541,58.673,77.806,122.449,173.469,211.735,,,,,-43.367
XEM/USDT:LONG:0.04,"04/15/2023, 09:41:21 AM","04/17/2023, 02:38:00 AM",XEM/USDT,,LONG,10,0.042,0,2,1,3.488,100,50,1.744,0,1.744,closed,0.042,0.042,0.041,0.041,0.043,0.044,0.044,0.045,0.047,0.049,0.051,0.052,,,,0.04,23.81,38.095,57.143,80.952,119.048,166.667,202.381,238.095,,,,-47.619
LPT/USDT:SHORT:6.7,"04/17/2023, 12:34:32 PM","05/01/2023, 09:15:00 PM",LPT/USDT,,SHORT,10,6.535,0,4,7,103.678,100,100,103.678,-0,103.678,closed,6.47,6.513,6.557,6.6,6.32,6.2,6.08,5.95,5.7,5.5,5.25,,,,,6.7,23.184,41.731,60.278,80.371,119.011,149.923,188.563,,,,,-35.549
EOS/USDT:SHORT:1.28,"04/17/2023, 02:42:48 PM","04/26/2023, 09:47:00 PM",EOS/USDT,,SHORT,10,1.217,0,2,7,95.863,100,50,47.932,-0,47.932,closed,1.21,1.223,1.237,1.25,1.185,1.16,1.14,1.115,1.07,1.03,1,,,,,1.28,20.661,41.322,57.851,78.512,115.702,148.76,173.554,,,,,-57.851
VET/USDT:LONG:0.0244,"04/18/2023, 10:04:12 AM","04/18/2023, 07:51:00 PM",VET/USDT,,LONG,10,0.026,0,1,1,1.923,100,25,0.481,0,0.481,closed,0.026,0.026,0.025,0.025,0.026,0.027,0.027,0.028,0.029,0.03,0.031,0.032,,,,0.024,15.385,34.615,53.846,73.077,115.385,153.846,200,230.769,,,,-61.538
BAND/USDT:LONG:1.7,"04/18/2023, 10:24:15 AM","04/18/2023, 04:26:00 PM",BAND/USDT,,LONG,10,2.037,0,1,1,2.651,100,25,0.663,0,0.663,closed,2.037,1.975,1.912,1.85,2.08,2.12,2.16,2.2,2.3,2.4,2.5,2.6,,,,1.7,21.21,40.848,60.487,80.126,129.222,178.319,227.416,276.512,,,,-165.357
BLZ/USDT:SHORT:0.092,"04/19/2023, 02:30:45 PM","05/08/2023, 08:00:00 PM",BLZ/USDT,,SHORT,10,0.085,0,2,9,131.729,100,50,65.865,0,65.865,closed,0.085,0.086,0.087,0.088,0.083,0.082,0.08,0.079,0.076,0.072,0.069,0.066,0.06,,,0.092,18.913,36.643,54.374,72.104,107.565,148.936,184.397,219.858,290.78,,,-87.47
SUSHI/USDT:SHORT:1.18,"04/19/2023, 02:41:54 PM","05/08/2023, 03:44:00 AM",SUSHI/USDT,,SHORT,10,1.125,0,2,7,88.871,100,50,44.435,0,44.435,closed,1.12,1.13,1.14,1.15,1.1,1.08,1.06,1.035,1,0.97,0.93,,,,,1.18,17.857,35.714,53.571,75.893,107.143,133.929,169.643,,,,,-53.571
HOT/USDT:SHORT:0.00208,"04/21/2023, 11:23:52 AM","04/26/2023, 12:39:00 PM",HOT/USDT,,SHORT,10,0.002,0,1,3,17.487,100,25,4.372,-0,4.372,closed,0.002,0.002,0.002,0.002,0.002,0.002,0.002,0.002,0.002,0.002,0.002,0.002,,,,0.002,25.907,46.632,67.358,88.083,119.171,160.622,191.71,222.798,,,,-77.72
UNFI/USDT:SHORT:5.35,"04/21/2023, 11:43:43 AM","04/23/2023, 02:31:00 PM",UNFI/USDT,,SHORT,10,5.025,0,1,4,25.373,100,25,6.343,0,6.343,closed,5.025,5.083,5.142,5.2,4.92,4.82,4.72,4.62,4.45,4.25,4.1,4,,,,5.35,20.896,40.796,60.697,80.597,114.428,154.229,184.08,203.98,,,,-64.677
CRV/USDT:SHORT:1.02,"04/23/2023, 08:43:36 AM","04/26/2023, 12:44:00 PM",CRV/USDT,,SHORT,10,0.957,0,4,2,13.344,100,100,13.344,0,13.344,closed,0.935,0.95,0.965,0.98,0.92,0.905,0.885,0.865,0.82,0.78,0.75,,,,,1.02,16.043,32.086,53.476,74.866,122.995,165.775,197.861,,,,,-90.909
CTSI/USDT:SHORT:0.27,"04/23/2023, 11:59:22 AM","04/23/2023, 03:47:00 PM",CTSI/USDT,,SHORT,10,0.243,0,1,1,2.286,100,25,0.572,0,0.572,closed,0.243,0.247,0.251,0.255,0.238,0.234,0.23,0.226,0.218,0.21,0.2,0.192,0.18,,,0.27,20.576,37.037,53.498,69.959,102.881,135.802,176.955,209.877,259.259,,,-111.111
TOMO/USDT:LONG:0.68,"04/24/2023, 08:29:17 PM","04/25/2023, 10:13:00 AM",TOMO/USDT,,LONG,10,0.724,0,4,1,5.161,100,100,5.161,0,5.161,closed,0.738,0.729,0.719,0.71,0.75,0.765,0.78,0.795,0.83,0.855,0.88,,,,,0.68,16.26,36.585,56.911,77.236,124.661,158.537,192.412,,,,,-78.591
ALICE/USDT:SHORT:1.68,"04/24/2023, 10:24:56 PM","04/25/2023, 10:06:00 PM",ALICE/USDT,,SHORT,10,1.53,0,1,1,2.451,100,25,0.613,0,0.613,closed,1.53,1.56,1.59,1.62,1.5,1.47,1.44,1.415,1.37,1.33,1.29,1.25,,,,1.68,19.608,39.216,58.824,75.163,104.575,130.719,156.863,183.007,,,,-98.039
1INCH/USDT:SHORT:0.505,"04/25/2023, 07:22:48 AM","04/26/2023, 02:29:00 PM",1INCH/USDT,,SHORT,10,0.483,0,4,0,-45.671,100,100,-45.671,0,-45.671,closed,0.476,0.481,0.485,0.49,0.466,0.458,0.45,0.442,0.428,0.414,0.4,,,,,0.505,21.008,37.815,54.622,71.429,100.84,130.252,159.664,,,,,-60.924
ETH/USDT:SHORT:1890,"04/25/2023, 11:26:08 AM","04/26/2023, 11:33:00 AM",ETH/USDT,,SHORT,10,1839.879,0,4,0,-27.241,100,100,-27.241,0,-27.241,closed,1820,1833.333,1846.667,1860,1790,1760,1720,1680,1620,1550,,,,,,1890,16.484,32.967,54.945,76.923,109.89,148.352,,,,,,-38.462
ZIL/USDT:SHORT:0.032,"04/26/2023, 10:28:22 AM","06/05/2023, 05:59:00 PM",ZIL/USDT,,SHORT,10,0.03,0,4,8,139.053,100,100,139.053,0,139.053,closed,0.029,0.03,0.03,0.031,0.029,0.028,0.027,0.027,0.026,0.025,0.024,0.022,,,,0.032,23.891,44.369,64.846,85.324,119.454,153.584,197.952,249.147,,,,-92.15
EGLD/USDT:LONG:40,"04/28/2023, 11:39:37 AM","05/02/2023, 05:18:00 AM",EGLD/USDT,,LONG,10,43.109,0,4,0,-72.113,100,100,-72.113,0,-72.113,closed,44.25,43.5,42.75,42,45.2,46.2,47,48,50,52,54.5,58,,,,40,21.469,44.068,62.147,84.746,129.944,175.141,231.638,310.734,,,,-96.045
LINA/USDT :LONG:0.01145,"04/29/2023, 09:08:31 AM","04/29/2023, 09:29:00 AM",LINA/USDT,,LONG,10,0,0,0,0,0,100,0,0,0,0,closed,0.013,0.013,0.012,0.012,0.013,0.013,0.014,0.014,0.015,0.015,0.016,,,,,0.011,15.385,34.615,53.846,73.077,123.077,176.923,230.769,,,,,-119.231
CELR/USDT:SHORT:0.026,"05/01/2023, 10:20:39 AM","05/03/2023, 11:25:00 PM",CELR/USDT,,SHORT,10,0.023,0,1,2,4.662,100,25,1.166,0,1.166,closed,0.023,0.024,0.024,0.025,0.023,0.023,0.022,0.022,0.021,0.02,0.019,0.018,0.017,0.016,0.015,0.026,17.094,34.188,59.829,68.376,106.838,145.299,175.214,213.675,273.504,316.239,358.974,-111.111
VET/USDT:SHORT:0.0228,"05/02/2023, 11:15:25 AM","05/02/2023, 04:31:00 PM",VET/USDT,,SHORT,10,0.021,0,1,1,2.647,100,25,0.662,0,0.662,closed,0.021,0.022,0.022,0.022,0.021,0.02,0.02,0.02,0.019,0.018,0.018,0.017,,,,0.023,21.176,40,58.824,77.647,115.294,143.529,171.765,200,,,,-72.941
REEF/USDT:SHORT:0.00272,"05/02/2023, 11:32:56 AM","05/03/2023, 11:13:00 PM",REEF/USDT,,SHORT,10,0.003,0,2,2,7.009,100,50,3.504,0,3.504,closed,0.003,0.003,0.003,0.003,0.003,0.003,0.002,0.002,0.002,0.002,0.002,0.002,,,,0.003,15.385,30.769,53.846,76.923,107.692,138.462,169.231,192.308,,,,-46.154
ONE/USDT:SHORT:0.021,"05/03/2023, 08:50:34 AM","05/03/2023, 07:43:00 PM",ONE/USDT,,SHORT,10,0.019,0,1,1,2.66,100,25,0.665,0,0.665,closed,0.019,0.019,0.02,0.02,0.018,0.018,0.018,0.017,0.017,0.016,0.016,0.015,,,,0.021,21.277,42.553,58.511,74.468,106.383,138.298,170.213,202.128,,,,-117.021
RSR/USDT:SHORT:0.00395,"05/03/2023, 12:09:42 PM","05/03/2023, 09:04:00 PM",RSR/USDT,,SHORT,10,0.004,0,1,2,5.602,100,25,1.401,0,1.401,closed,0.004,0.004,0.004,0.004,0.004,0.003,0.003,0.003,0.003,0.003,0.003,0.003,,,,0.004,14.006,30.812,47.619,64.426,98.039,131.653,173.669,215.686,,,,-106.443
XRP/USDT:SHORT:0.48,"05/03/2023, 08:55:33 PM","05/18/2023, 12:18:00 PM",XRP/USDT,,SHORT,10,0.463,0,4,4,29.638,100,100,29.638,0,29.638,closed,0.456,0.461,0.465,0.47,0.448,0.44,0.432,0.422,0.405,0.39,0.37,0.36,,,,0.48,17.544,35.088,52.632,74.561,111.842,144.737,188.596,210.526,,,,-52.632
IOTX/USDT:LONG:0.0241,"05/03/2023, 10:04:14 PM","05/03/2023, 11:21:00 PM",IOTX/USDT,,LONG,10,0,0,0,0,0,100,0,0,0,0,closed,0.025,0.025,0.025,0.024,0.025,0.026,0.026,0.027,0.027,0.028,0.029,,,,,0.024,16.194,36.437,60.729,85.02,109.312,133.603,174.089,,,,,-24.291
WOO/USDT:LONG:0.265,"05/04/2023, 12:13:19 PM","05/06/2023, 04:06:00 PM",WOO/USDT,,LONG,10,0.29,0,2,4,31.902,100,50,15.951,0,15.951,closed,0.294,0.287,0.281,0.275,0.3,0.306,0.312,0.318,0.33,0.342,0.355,0.37,,,,0.265,21.798,42.234,62.67,83.106,123.978,164.85,209.128,260.218,,,,-97.411
BNX/USDT:LONG:0.57,"05/05/2023, 10:20:26 AM","05/05/2023, 12:45:00 PM",BNX/USDT,,LONG,10,0.607,0,1,1,1.647,100,25,0.412,0,0.412,closed,0.607,0.598,0.589,0.58,0.615,0.625,0.636,0.648,0.67,0.695,0.72,0.74,,,,0.57,13.18,29.654,47.776,67.545,103.789,144.975,186.161,219.11,,,,-60.956
NKN/USDT:LONG:0.104,"05/06/2023, 12:16:42 AM","05/08/2023, 03:27:00 AM",NKN/USDT,,LONG,10,0.108,0,4,0,-36.854,100,100,-36.854,0,-36.854,closed,0.11,0.109,0.107,0.106,0.112,0.114,0.116,0.118,0.122,0.127,0.132,0.138,0.144,0.15,,0.104,18.182,36.364,54.545,72.727,109.091,154.545,200,254.545,309.091,363.636,,-54.545
THETA/USDT:SHORT:0.98,"05/06/2023, 06:40:03 PM","06/05/2023, 05:57:00 PM",THETA/USDT,,SHORT,10,0.955,0,4,7,90.03,100,100,90.03,0,90.03,closed,0.946,0.952,0.959,0.965,0.93,0.915,0.896,0.88,0.845,0.82,0.8,,,,,0.98,16.913,32.77,52.854,69.767,106.765,133.192,154.334,,,,,-35.941
CHZ/USDT:SHORT:0.13,"05/06/2023, 09:42:50 PM","05/10/2023, 07:15:00 PM",CHZ/USDT,,SHORT,10,0.126,0,3,7,87.263,100,75,65.447,0,65.447,closed,0.125,0.126,0.127,0.128,0.123,0.121,0.119,0.117,0.112,0.108,0.105,,,,,0.13,16,32,48,64,104,136,160,,,,,-40
CFX/USDT:SHORT:0.32,"05/06/2023, 10:10:13 PM","05/07/2023, 11:31:00 AM",CFX/USDT,,SHORT,10,0.295,0,1,1,2.542,100,25,0.636,0,0.636,closed,0.295,0.3,0.305,0.31,0.289,0.284,0.278,0.273,0.26,0.25,0.24,0.22,,,,0.32,20.339,37.288,57.627,74.576,118.644,152.542,186.441,254.237,,,,-84.746
SOL/USDT:SHORT:22.2,"05/08/2023, 09:52:26 AM","05/10/2023, 02:30:00 PM",SOL/USDT,,SHORT,10,21.216,0,2,2,9.616,100,50,4.808,0,4.808,closed,21.1,21.333,21.567,21.8,20.6,20.2,19.8,19.4,18.7,18,17.2,16.5,,,,22.2,23.697,42.654,61.611,80.569,113.744,146.919,184.834,218.009,,,,-52.133
SFP/USDT:SHORT:0.46,"05/09/2023, 08:57:22 AM","05/10/2023, 02:55:00 PM",SFP/USDT,,SHORT,10,0.409,0,1,1,2.689,100,25,0.672,0,0.672,closed,0.409,0.419,0.43,0.44,0.398,0.39,0.382,0.374,0.359,0.344,0.33,0.317,0.301,0.286,,0.46,26.895,46.455,66.015,85.575,122.249,158.924,193.154,224.939,264.059,300.733,,-124.694
BAL/USDT:SHORT:6.4,"05/09/2023, 09:29:17 AM","05/10/2023, 02:31:00 PM",BAL/USDT,,SHORT,10,5.78,0,1,1,2.249,100,25,0.562,0,0.562,closed,5.78,5.853,5.927,6,5.65,5.54,5.4,5.3,5.05,4.85,4.6,4.34,3.9,3.5,,6.4,22.491,41.522,65.744,83.045,126.298,160.9,204.152,249.135,325.26,394.464,,-107.266
IOTX/USDT:SHORT:0.025,"05/10/2023, 11:03:40 PM","05/11/2023, 12:23:00 AM",IOTX/USDT,,SHORT,10,0.023,0,1,1,0.877,100,25,0.219,0,0.219,closed,0.023,0.095,0.168,0.24,0.023,0.022,0.022,0.021,0.02,0.019,0.018,0.018,0.016,0.014,,0.025,8.772,26.316,43.86,70.175,114.035,157.895,192.982,228.07,298.246,385.965,,-96.491
ARPA/USDT:LONG:0.042,"05/11/2023, 01:37:58 PM","05/12/2023, 05:12:00 PM",ARPA/USDT,,LONG,10,0.046,0,3,8,144.66,100,75,108.495,0,108.495,closed,0.047,0.046,0.045,0.044,0.048,0.049,0.05,0.051,0.053,0.055,0.057,0.058,,,,0.042,23.454,44.776,66.098,87.42,130.064,172.708,204.691,236.674,,,,-104.478
HBAR/USDT:SHORT:0.057,"05/12/2023, 09:21:37 AM","05/27/2023, 12:37:00 AM",HBAR/USDT,,SHORT,10,0.052,0,3,1,4.536,100,75,3.402,0,3.402,closed,0.051,0.052,0.053,0.054,0.05,0.049,0.048,0.047,0.045,0.043,0.041,0.039,0.034,0.03,,0.057,25.591,45.276,64.961,84.646,124.016,163.386,202.756,242.126,330.709,409.449,,-122.047
BNB/USDT:SHORT:330,"05/12/2023, 09:24:28 AM","06/10/2023, 06:24:00 AM",BNB/USDT,,SHORT,10,307.922,0,3,8,131.274,100,75,98.455,0,98.455,closed,302,308,314,320,296,290,284,278,266,254,242,230,,,,330,19.868,39.735,59.603,79.47,119.205,158.94,198.675,238.411,,,,-92.715
FTM/USDT:LONG:0.355,"05/14/2023, 12:06:56 PM","05/18/2023, 07:55:00 PM",FTM/USDT,,LONG,10,0.366,0,4,3,21.107,100,100,21.107,0,21.107,closed,0.37,0.367,0.365,0.362,0.378,0.384,0.39,0.396,0.408,0.422,0.44,,,,,0.355,21.622,37.838,54.054,70.27,102.703,140.541,189.189,,,,,-40.541
PEOPLE/USDT:SHORT:0.019,"05/14/2023, 01:01:24 PM",,PEOPLE/USDT,,SHORT,10,0.017,0,4,9,180.066,100,100,153.708,26.357,180.066,open,0.017,0.017,0.017,0.018,0.016,0.016,0.016,0.015,0.015,0.014,0.013,0.013,0.011,0.01,,0.019,18.182,36.364,54.545,72.727,115.152,163.636,200,236.364,309.091,393.939,,-151.515
STORJ/USDT:LONG:0.2959,"05/15/2023, 08:28:57 AM","05/16/2023, 02:41:00 AM",STORJ/USDT,,LONG,10,0.309,0,1,1,1.618,100,25,0.405,0,0.405,closed,0.309,0.306,0.303,0.3,0.312,0.318,0.324,0.332,0.345,0.36,,,,,,0.296,9.709,29.126,48.544,74.434,116.505,165.049,,,,,,-42.395
OCEAN/USDT:LONG:0.336,"05/15/2023, 11:46:25 AM","05/15/2023, 02:00:00 PM",OCEAN/USDT,,LONG,10,0.341,0,4,0,-16.095,100,100,-16.095,0,-16.095,closed,0.343,0.342,0.341,0.34,0.35,0.358,0.364,0.37,0.385,0.4,,,,,,0.336,20.408,43.732,61.224,78.717,122.449,166.181,,,,,,-20.408
LINA/USDT:LONG:0.0093,"05/15/2023, 01:37:50 PM","05/21/2023, 11:05:00 PM",LINA/USDT,,LONG,10,0.01,0,4,4,34.045,100,100,34.045,0,34.045,closed,0.01,0.01,0.01,0.01,0.01,0.01,0.011,0.011,0.011,0.012,0.012,0.013,,,,0.009,20.202,40.404,60.606,85.859,131.313,171.717,212.121,262.626,,,,-60.606
WOO/USDT:SHORT:0.24,"05/20/2023, 11:59:36 AM","05/29/2023, 03:25:00 PM",WOO/USDT,,SHORT,10,0.23,0,3,5,39.316,100,75,29.487,0,29.487,closed,0.227,0.23,0.232,0.235,0.224,0.22,0.216,0.212,0.204,0.196,0.188,0.18,,,,0.24,13.216,30.837,48.458,66.079,101.322,136.564,171.806,207.048,,,,-57.269
DOT/USDT:LONG:5.2,"05/20/2023, 05:53:40 PM","05/24/2023, 03:52:00 PM",DOT/USDT,,LONG,10,5.365,0,4,0,-30.676,100,100,-30.676,0,-30.676,closed,5.43,5.387,5.343,5.3,5.54,5.64,5.76,5.9,6.05,6.2,,,,,,5.2,20.258,38.674,60.773,86.556,114.18,141.805,,,,,,-42.357
KLAY/USDT:LONG:0.172,"05/20/2023, 09:58:47 PM","05/24/2023, 03:52:00 PM",KLAY/USDT,,LONG,10,0.178,0,4,1,4.694,100,100,4.694,0,4.694,closed,0.18,0.179,0.177,0.176,0.183,0.187,0.191,0.195,0.202,0.21,,,,,,0.172,16.667,38.889,61.111,83.333,122.222,166.667,,,,,,-44.444
FTM/USDT:SHORT:0.375,"05/21/2023, 07:42:49 PM","05/22/2023, 03:42:00 PM",FTM/USDT,,SHORT,10,0.363,0,2,1,3.668,100,50,1.834,0,1.834,closed,0.362,0.365,0.367,0.37,0.354,0.346,0.338,0.33,0.315,0.3,0.29,,,,,0.375,22.099,44.199,66.298,88.398,129.834,171.271,198.895,,,,,-35.912
ENS/USDT:SHORT:10.5,"05/21/2023, 08:43:11 PM","05/26/2023, 04:20:00 PM",ENS/USDT,,SHORT,10,10.169,0,4,2,13.179,100,100,13.179,-0,13.179,closed,10.04,10.127,10.213,10.3,9.8,9.6,9.4,9.2,8.8,8.5,8.2,,,,,10.5,23.904,43.825,63.745,83.665,123.506,153.386,183.267,,,,,-45.817
BCH/USDT:SHORT:117.5,"05/22/2023, 08:53:58 AM","05/29/2023, 12:00:00 AM",BCH/USDT,,SHORT,10,114.995,0,4,2,9.926,100,100,9.926,0,9.926,closed,114,114.667,115.333,116,112,110,108,106,102,99,96,,,,,117.5,17.544,35.088,52.632,70.175,105.263,131.579,157.895,,,,,-30.702
EGLD/USDT:SHORT:39,"05/22/2023, 09:10:24 AM","05/28/2023, 11:14:00 AM",EGLD/USDT,,SHORT,10,36.498,0,2,1,3.037,100,50,1.518,0,1.518,closed,36.2,36.8,37.4,38,35.5,34.8,34.2,33.6,32.2,31,29.5,28,26,,,39,19.337,38.674,55.249,71.823,110.497,143.646,185.083,226.519,281.768,,,-77.348
CFX/USDT:LONG:0.285,"05/22/2023, 10:01:04 PM","05/23/2023, 12:04:00 AM",CFX/USDT,,LONG,10,0.323,0,1,1,2.709,100,25,0.677,0,0.677,closed,0.323,0.317,0.311,0.305,0.33,0.336,0.344,0.352,0.366,0.38,0.4,0.42,,,,0.285,21.672,40.248,65.015,89.783,133.127,176.471,238.39,300.31,,,,-117.647
TRB/USDT:LONG:11.9,"05/23/2023, 12:54:40 PM","05/24/2023, 03:51:00 PM",TRB/USDT,,LONG,10,12.45,0,2,1,4.688,100,50,2.344,0,2.344,closed,12.5,12.4,12.3,12.2,12.8,13.1,13.3,13.6,14,14.5,,,,,,11.9,24,48,64,88,120,160,,,,,,-48
JASMY/USDT:SHORT:0.005,"05/24/2023, 11:16:01 AM","05/24/2023, 03:50:00 PM",JASMY/USDT,,SHORT,10,0,0,0,0,0,100,0,0,0,0,closed,0.005,0.005,0.005,0.005,0.005,0.005,0.004,0.004,0.004,0.004,0.004,,,,,0.005,23.109,44.118,65.126,86.134,117.647,159.664,201.681,,,,,-50.42
SNX/USDT:LONG:2.34,"05/24/2023, 02:23:34 PM","05/25/2023, 03:23:00 AM",SNX/USDT,,LONG,10,2.474,0,4,0,-54.286,100,100,-54.286,0,-54.286,closed,2.53,2.493,2.457,2.42,2.56,2.62,2.66,2.7,2.8,2.9,3,3.1,,,,2.34,11.858,35.573,51.383,67.194,106.719,146.245,185.771,225.296,,,,-75.099
GTC/USDT:SHORT:1.44,"05/24/2023, 07:16:28 PM","05/28/2023, 02:57:00 AM",GTC/USDT,,SHORT,10,1.38,0,4,0,-43.6,100,100,-43.6,0,-43.6,closed,1.36,1.373,1.387,1.4,1.33,1.3,1.27,1.24,1.19,1.15,,,,,,1.44,22.059,44.118,66.176,88.235,125,154.412,,,,,,-58.824
AGIX/USDT:SHORT:0.275,"05/24/2023, 10:14:14 PM","05/25/2023, 02:05:00 PM",AGIX/USDT,,SHORT,10,0.26,0,4,1,5.735,100,100,5.735,0,5.735,closed,0.256,0.259,0.262,0.265,0.25,0.244,0.24,0.234,0.224,0.216,0.21,,,,,0.275,23.438,46.875,62.5,85.937,125,156.25,179.688,,,,,-74.219
CHZ/USDT:SHORT:0.11,"05/25/2023, 10:11:55 PM","05/26/2023, 01:48:00 PM",CHZ/USDT,,SHORT,10,0.1,0,1,1,2.222,100,25,0.556,0,0.556,closed,0.1,0.102,0.104,0.106,0.098,0.096,0.094,0.092,0.088,0.084,0.08,0.076,0.07,,,0.11,20,40,60,80,120,160,200,240,300,,,-100
BNB/USDT:SHORT:330,"05/26/2023, 06:54:57 AM","06/12/2023, 10:19:00 AM",BNB/USDT,,SHORT,10,308.935,0,4,8,148.689,100,100,148.689,-0,148.689,closed,303,307,311,315,298,290,283,275,260,245,233,220,,,,330,16.502,42.904,66.007,92.409,141.914,191.419,231.023,273.927,,,,-89.109
XRP/USDT:LONG:0.43,"05/27/2023, 12:34:04 PM","06/10/2023, 07:51:00 AM",XRP/USDT,,LONG,10,0.473,0,1,5,52.028,100,25,13.007,0,13.007,closed,0.473,0.465,0.458,0.45,0.48,0.49,0.5,0.51,0.53,0.56,,,,,,0.43,15.873,37.037,58.201,79.365,121.693,185.185,,,,,,-89.947
LINA/USDT:LONG:0.011,"05/27/2023, 08:46:19 PM","05/29/2023, 12:04:00 AM",LINA/USDT,,LONG,10,0.013,0,1,7,123.429,100,25,30.857,-0,30.857,closed,0.013,0.012,0.012,0.012,0.013,0.013,0.013,0.014,0.014,0.015,0.016,,,,,0.011,24,48,72,96,144,200,280,,,,,-120
TRX/USDT:LONG:0.0754,"05/27/2023, 09:48:54 PM","05/28/2023, 06:20:00 PM",TRX/USDT,,LONG,10,0.077,0,1,1,2.825,100,25,0.706,0,0.706,closed,0.077,0.076,0.076,0.076,0.078,0.08,0.081,0.082,0.085,0.088,,,,,,0.075,16.949,37.81,56.063,74.316,108.214,147.327,,,,,,-16.949
FIL/USDT:LONG:4.4,"05/27/2023, 10:20:50 PM","06/05/2023, 05:26:00 PM",FIL/USDT,,LONG,10,4.482,0,2,5,46.551,100,50,23.275,0,23.275,closed,4.49,4.473,4.457,4.44,4.56,4.64,4.72,4.8,4.94,5.1,,,,,,4.4,15.59,33.408,51.225,69.042,100.223,135.857,,,,,,-20.045
ROSE/USDT:LONG:0.05,"05/28/2023, 12:39:48 PM","05/29/2023, 05:29:00 PM",ROSE/USDT,,LONG,10,0.052,0,1,1,3.193,100,25,0.798,0,0.798,closed,0.052,0.052,0.051,0.051,0.053,0.054,0.055,0.056,0.058,0.06,,,,,,0.05,19.157,38.314,57.471,80.46,111.111,149.425,,,,,,-42.146
NEO/USDT:LONG:9.8,"05/28/2023, 09:46:13 PM","05/29/2023, 07:04:00 PM",NEO/USDT,,LONG,10,10.7,0,1,3,16.689,100,25,4.172,0,4.172,closed,10.7,10.533,10.367,10.2,10.9,11.15,11.3,11.6,12,12.5,13,,,,,9.8,18.692,42.056,56.075,84.112,121.495,168.224,214.953,,,,,-84.112
TRB/USDT:SHORT:12.5,"05/28/2023, 10:11:43 PM","06/05/2023, 06:03:00 PM",TRB/USDT,,SHORT,10,12.149,0,4,6,90.458,100,100,90.458,0,90.458,closed,12,12.1,12.2,12.3,11.8,11.5,11.2,10.9,10.6,10.3,,,,,,12.5,16.667,41.667,66.667,91.667,116.667,141.667,,,,,,-41.667
LTC/USDT:LONG:90,"05/30/2023, 02:18:59 PM","05/31/2023, 06:48:00 AM",LTC/USDT,,LONG,10,91.994,0,4,0,-21.675,100,100,-21.675,0,-21.675,closed,93,92.333,91.667,91,94.8,96.6,98.5,100.5,103,106,,,,,,90,19.355,38.71,59.14,80.645,107.527,139.785,,,,,,-32.258
DYDX/USDT:LONG:2.04,"05/30/2023, 07:29:25 PM","05/31/2023, 06:18:00 AM",DYDX/USDT,,LONG,10,2.113,0,2,1,3.682,100,50,1.841,0,1.841,closed,2.12,2.107,2.093,2.08,2.16,2.2,2.24,2.3,2.4,2.5,,,,,,2.04,18.868,37.736,56.604,84.906,132.075,179.245,,,,,,-37.736
RLC/USDT:SHORT:1.6,"05/31/2023, 10:30:02 AM","06/01/2023, 06:55:00 PM",RLC/USDT,,SHORT,10,1.53,0,1,1,2.801,100,25,0.7,0,0.7,closed,1.53,1.547,1.563,1.58,1.5,1.47,1.44,1.4,1.34,1.29,1.25,,,,,1.6,19.608,39.216,58.824,84.967,124.183,156.863,183.007,,,,,-45.752
APT/USDT:LONG:8.4,"06/04/2023, 11:16:55 AM","06/05/2023, 02:42:00 AM",APT/USDT,,LONG,10,9.03,0,1,2,9.967,100,25,2.492,0,2.492,closed,9.03,8.92,8.81,8.7,9.2,9.4,9.6,9.8,10,10.2,,,,,,8.4,18.826,40.975,63.123,85.271,107.42,129.568,,,,,,-69.767
ANT/USDT:LONG:3.4,"06/04/2023, 11:32:44 AM","06/05/2023, 05:57:00 PM",ANT/USDT,,LONG,10,3.619,0,4,0,-60.578,100,100,-60.578,0,-60.578,closed,3.69,3.643,3.597,3.55,3.76,3.82,3.88,3.96,4.15,4.3,4.5,4.8,,,,3.4,18.97,35.23,51.491,73.171,124.661,165.312,219.512,300.813,,,,-78.591
OCEAN/USDT:LONG:0.37,"06/04/2023, 12:05:56 PM","06/05/2023, 05:56:00 PM",OCEAN/USDT,,LONG,10,0.403,0,4,0,-81.355,100,100,-81.355,0,-81.355,closed,0.416,0.407,0.399,0.39,0.435,0.445,0.455,0.465,0.485,0.505,0.53,0.55,,,,0.37,45.673,69.712,93.75,117.788,165.865,213.942,274.038,322.115,,,,-110.577
SAND/USDT:LONG:0.52,"06/05/2023, 08:42:13 AM","06/05/2023, 08:39:00 PM",SAND/USDT,,LONG,10,0.581,0,4,0,-105.081,100,100,-105.081,0,-105.081,closed,0.603,0.589,0.574,0.56,0.62,0.635,0.65,0.665,0.7,0.73,0.76,0.8,0.84,0.9,,0.52,28.192,53.068,77.944,102.819,160.862,210.614,260.365,326.7,393.035,492.537,,-137.645
ETC/USDT:SHORT:18.6,"06/06/2023, 03:14:01 PM","06/22/2023, 03:42:00 AM",ETC/USDT,,SHORT,10,17.289,0,3,8,121.52,100,75,91.14,0,91.14,closed,16.94,17.293,17.647,18,16.6,16.2,15.9,15.6,14.9,14.2,13.4,12.6,12,,,18.6,20.071,43.684,61.393,79.103,120.425,161.747,208.973,256.198,291.617,,,-97.993
BAND/USDT:SHORT:1.5,"06/06/2023, 03:38:32 PM","06/25/2023, 04:33:00 AM",BAND/USDT,,SHORT,10,1.287,0,2,8,110.857,100,50,55.429,0,55.429,closed,1.265,1.31,1.355,1.4,1.24,1.21,1.18,1.15,1.1,1.05,1,0.94,0.86,0.8,,1.5,19.763,43.478,67.194,90.909,130.435,169.96,209.486,256.917,320.158,367.589,,-185.771
OCEAN/USDT:SHORT:0.365,"06/07/2023, 07:24:16 PM","06/08/2023, 10:47:00 AM",OCEAN/USDT,,SHORT,10,0.339,0,1,1,2.581,100,25,0.645,0,0.645,closed,0.339,0.344,0.35,0.355,0.332,0.324,0.318,0.312,0.3,0.29,0.28,0.27,,,,0.365,20.649,44.248,61.947,79.646,115.044,144.543,174.041,203.54,,,,-76.696
QTUM/USDT:SHORT:2.65,"06/08/2023, 09:11:06 AM","06/23/2023, 03:11:00 PM",QTUM/USDT,,SHORT,10,2.375,0,2,7,68.262,100,50,34.131,0,34.131,closed,2.35,2.4,2.45,2.5,2.3,2.26,2.2,2.14,2.06,1.98,1.9,1.8,1.65,1.5,1.4,2.65,21.277,38.298,63.83,89.362,123.404,157.447,191.489,234.043,297.872,361.702,404.255,-127.66
NKN/USDT:SHORT:0.115,"06/09/2023, 10:04:52 AM","06/10/2023, 06:25:00 AM",NKN/USDT,,SHORT,10,0.104,0,2,8,129.589,100,50,64.795,-0,64.795,closed,0.103,0.106,0.108,0.11,0.1,0.098,0.096,0.094,0.09,0.086,0.083,0.08,,,,0.115,31.946,51.307,70.668,90.029,128.751,167.473,196.515,225.557,,,,-113.262
CTSI/USDT:SHORT:0.164,"06/09/2023, 10:31:05 AM","06/10/2023, 06:26:00 AM",CTSI/USDT,,SHORT,10,0.151,0,3,8,136.158,100,75,102.119,0,102.119,closed,0.148,0.151,0.153,0.156,0.144,0.141,0.138,0.135,0.13,0.125,0.118,0.11,,,,0.164,27.027,47.297,67.568,87.838,121.622,155.405,202.703,256.757,,,,-108.108
OP/USDT:SHORT:1.365,"06/09/2023, 11:52:13 PM","06/10/2023, 06:21:00 AM",OP/USDT,,SHORT,10,1.334,0,1,7,82.245,100,25,20.561,0,20.561,closed,1.334,1.339,1.345,1.35,1.31,1.28,1.25,1.22,1.2,1.17,1.14,,,,,1.365,17.991,40.48,62.969,85.457,100.45,122.939,145.427,,,,,-23.238
CHR/USDT:SHORT:0.138,"06/11/2023, 09:21:28 AM","06/17/2023, 07:41:00 AM",CHR/USDT,,SHORT,10,0.12,0,2,3,16.733,100,50,8.366,0,8.366,closed,0.119,0.122,0.126,0.13,0.116,0.113,0.11,0.107,0.102,0.096,0.09,0.082,0.074,0.068,0.06,0.138,21.097,46.414,71.73,97.046,139.241,189.873,240.506,308.017,375.527,426.16,493.671,-164.557
WOO/USDT:SHORT:0.176,"06/12/2023, 08:57:49 PM","06/15/2023, 09:14:00 PM",WOO/USDT,,SHORT,10,0.17,0,4,4,34.693,100,100,34.693,0,34.693,closed,0.168,0.169,0.171,0.172,0.164,0.161,0.158,0.155,0.15,0.145,0.14,,,,,0.176,21.772,39.666,57.56,75.455,105.279,135.103,164.927,,,,,-49.806
BCH/USDT:SHORT:114,"06/14/2023, 10:50:42 PM","06/21/2023, 07:15:00 AM",BCH/USDT,,SHORT,10,104.694,0,4,0,-88.888,100,100,-88.888,0,-88.888,closed,101.5,103.667,105.833,108,99,97,95,93,89,85,81,78,74,70,,114,24.631,44.335,64.039,83.744,123.153,162.562,201.97,231.527,270.936,310.345,,-123.153
LINK/USDT:SHORT:6,"06/14/2023, 11:54:23 PM","06/21/2023, 03:03:00 AM",LINK/USDT,,SHORT,10,5.308,0,2,1,3.913,100,50,1.957,0,1.957,closed,5.25,5.367,5.483,5.6,5.1,4.95,4.85,4.75,4.55,4.4,4.2,4,3.75,3.5,,6,28.571,57.143,76.19,95.238,133.333,161.905,200,238.095,285.714,333.333,,-142.857
KAVA/USDT:SHORT:0.84,"06/16/2023, 02:32:05 PM","06/20/2023, 08:47:00 PM",KAVA/USDT,,SHORT,10,0.771,0,4,0,-89.615,100,100,-89.615,0,-89.615,closed,0.743,0.762,0.781,0.8,0.725,0.71,0.695,0.68,0.65,0.62,0.59,0.56,0.5,0.44,0.4,0.84,24.226,44.415,64.603,84.791,125.168,165.545,205.922,246.299,327.052,407.806,461.642,-130.552
LINA/USDT:LONG:0.0136,"06/17/2023, 07:07:06 PM","06/18/2023, 11:05:00 AM",LINA/USDT,,LONG,10,0.014,0,4,0,-51.951,100,100,-51.951,0,-51.951,closed,0.015,0.014,0.014,0.014,0.015,0.015,0.016,0.016,0.017,0.018,0.018,0.019,,,,0.014,20.408,47.619,74.83,102.041,142.857,197.279,238.095,292.517,,,,-74.83
MKR/USDT:LONG:630,"06/19/2023, 11:43:24 AM","06/24/2023, 05:31:00 PM",MKR/USDT,,LONG,10,692.5,0,1,4,25.672,100,25,6.418,0,6.418,closed,692.5,681.667,670.833,660,710,724,740,756,780,805,840,870,920,,,630,25.271,45.487,68.592,91.697,126.354,162.455,212.996,256.318,328.52,,,-90.253
FIL/USDT:SHORT:3.8,"06/19/2023, 11:55:25 AM","06/19/2023, 08:04:00 PM",FIL/USDT,,SHORT,10,3.665,0,1,1,3.313,100,25,0.828,0,0.828,closed,3.665,3.693,3.722,3.75,3.58,3.52,3.44,3.38,3.25,3.14,3,,,,,3.8,23.192,39.563,61.392,77.763,113.233,143.247,181.446,,,,,-36.835
REN/USDT:LONG:0.0526,"06/19/2023, 10:22:47 PM","06/20/2023, 03:59:00 PM",REN/USDT,,LONG,10,0.054,0,4,0,-26.771,100,100,-26.771,0,-26.771,closed,0.055,0.054,0.054,0.054,0.056,0.057,0.058,0.059,0.061,0.063,0.065,0.066,,,,0.053,16.484,34.799,62.271,80.586,117.216,153.846,181.319,208.791,,,,-36.63
AUDIO/USDT:SHORT:0.178,"06/20/2023, 02:00:02 PM","06/20/2023, 07:02:00 PM",AUDIO/USDT,,SHORT,10,0.169,0,1,1,2.219,100,25,0.555,0,0.555,closed,0.169,0.171,0.172,0.174,0.166,0.162,0.158,0.155,0.15,0.145,0.138,0.13,,,,0.178,17.751,41.42,65.089,82.84,112.426,142.012,183.432,230.769,,,,-53.254
SFP/USDT:LONG:0.4,"06/20/2023, 07:30:23 PM","06/22/2023, 06:42:00 PM",SFP/USDT,,LONG,10,0.462,0,1,5,48.348,100,25,12.087,0,12.087,closed,0.462,0.451,0.441,0.43,0.475,0.485,0.495,0.505,0.526,0.55,0.575,0.6,,,,0.4,29.252,50.921,72.589,94.258,139.762,191.766,245.937,300.108,,,,-133.261
ANKR/USDT:LONG:0.02,"06/20/2023, 09:43:10 PM","06/24/2023, 04:12:00 AM",ANKR/USDT,,LONG,10,0.021,0,1,7,97.744,100,25,24.436,0,24.436,closed,0.021,0.021,0.021,0.02,0.021,0.022,0.022,0.023,0.023,0.024,0.025,,,,,0.02,23.923,43.062,62.201,81.34,119.617,157.895,196.172,,,,,-43.062
COMP/USDT:LONG:28.4,"06/21/2023, 08:14:56 PM","06/22/2023, 04:32:00 PM",COMP/USDT,,LONG,10,29.55,0,1,2,7.252,100,25,1.813,0,1.813,closed,29.55,29.3,29.05,28.8,30,30.6,31.2,31.8,33,34,35,,,,,28.4,15.228,35.533,55.838,76.142,116.751,150.592,184.433,,,,,-38.917
GTC/USDT:LONG:0.96,"06/22/2023, 09:28:41 PM","06/28/2023, 09:34:00 AM",GTC/USDT,,LONG,10,1.086,0,1,4,20.81,100,25,5.203,0,5.203,closed,1.086,1.064,1.042,1.02,1.11,1.13,1.15,1.18,1.22,1.27,1.32,1.38,1.48,1.6,,0.96,22.099,40.516,58.932,86.556,123.389,169.429,215.47,270.718,362.799,473.297,,-116.022
ZRX/USDT:SHORT:0.206,"06/22/2023, 09:47:28 PM","06/24/2023, 10:20:00 AM",ZRX/USDT,,SHORT,10,0.196,0,4,0,-51.264,100,100,-51.264,0,-51.264,closed,0.192,0.195,0.197,0.2,0.187,0.183,0.179,0.175,0.168,0.162,0.156,0.148,0.14,,,0.206,26.042,46.875,67.708,88.542,125,156.25,187.5,229.167,270.833,,,-72.917
RVN/USDT:LONG:0.018,"06/25/2023, 10:46:52 AM","06/25/2023, 06:32:00 PM",RVN/USDT,,LONG,10,0.02,0,1,4,24.444,100,25,6.111,0,6.111,closed,0.02,0.02,0.019,0.019,0.02,0.021,0.021,0.022,0.023,0.024,0.025,0.026,0.027,,,0.018,20,40,70,90,130,180,230,300,350,,,-100
KSM/USDT:LONG:22.5,"06/25/2023, 10:07:00 PM","07/05/2023, 12:37:00 PM",KSM/USDT,,LONG,10,24.93,0,4,2,14.602,100,100,14.602,0,14.602,closed,25.9,25.267,24.633,24,26.5,27,27.5,28,29,30.2,31.4,33,34.5,36,,22.5,23.166,42.471,61.776,81.081,119.691,166.023,212.355,274.131,332.046,389.961,,-131.274
LINA/USDT:LONG:0.014,"06/26/2023, 10:57:51 AM","06/26/2023, 11:09:00 AM",LINA/USDT,,LONG,10,0.015,0,1,2,7.282,100,25,1.82,0,1.82,closed,0.015,0.015,0.015,0.015,0.016,0.016,0.017,0.017,0.018,0.019,0.019,0.02,,,,0.014,16.181,42.071,67.961,100.324,152.104,203.883,242.718,294.498,,,,-93.851
MANA/USDT:SHORT:0.392,"06/26/2023, 07:41:16 PM","06/27/2023, 06:38:00 AM",MANA/USDT,,SHORT,10,0.381,0,4,0,-28.934,100,100,-28.934,0,-28.934,closed,0.377,0.38,0.382,0.385,0.37,0.362,0.354,0.344,0.332,0.32,,,,,,0.392,18.568,39.788,61.008,87.533,119.363,151.194,,,,,,-39.788
CELR/USDT:LONG:0.015,"06/27/2023, 12:19:38 PM","07/05/2023, 05:33:00 PM",CELR/USDT,,LONG,10,0.017,0,4,2,16.237,100,100,16.237,0,16.237,closed,0.017,0.017,0.016,0.016,0.018,0.018,0.018,0.019,0.02,0.02,0.021,0.022,0.024,,,0.015,23.256,46.512,69.767,93.023,139.535,186.047,232.558,290.698,395.349,,,-127.907
WOO/USDT:LONG:0.218,"06/27/2023, 09:28:52 PM","06/28/2023, 02:20:00 AM",WOO/USDT,,LONG,10,0.225,0,1,1,3.189,100,25,0.797,0,0.797,closed,0.225,0.224,0.223,0.222,0.229,0.233,0.238,0.243,0.252,0.26,,,,,,0.218,19.137,36.938,59.19,81.442,121.495,157.098,,,,,,-29.818
ONT/USDT:LONG:0.19,"06/27/2023, 10:17:24 PM","06/28/2023, 09:26:00 PM",ONT/USDT,,LONG,10,0.204,0,4,0,-70.655,100,100,-70.655,0,-70.655,closed,0.209,0.206,0.203,0.2,0.214,0.218,0.224,0.23,0.24,0.25,0.258,0.27,,,,0.19,23.923,43.062,71.77,100.478,148.325,196.172,234.45,291.866,,,,-90.909
VET/USDT:LONG:0.018,"07/01/2023, 06:48:11 PM","07/07/2023, 02:02:00 AM",VET/USDT,,LONG,10,0.02,0,4,0,-92.274,100,100,-92.274,0,-92.274,closed,0.021,0.02,0.02,0.019,0.021,0.022,0.022,0.022,0.023,0.024,0.026,0.027,0.028,,,0.018,19.324,38.647,57.971,82.126,130.435,178.744,231.884,280.193,352.657,,,-130.435
AGIX/USDT:LONG:0.215,"07/06/2023, 01:16:22 PM","07/17/2023, 12:24:00 PM",AGIX/USDT,,LONG,10,0.237,0,4,5,50.9,100,100,50.9,0,50.9,closed,0.244,0.239,0.235,0.23,0.25,0.255,0.26,0.265,0.275,0.29,0.305,0.32,0.335,0.35,,0.215,24.59,45.082,65.574,86.066,127.049,188.525,250,311.475,372.951,434.426,,-118.852
MTL/USDT:SHORT:1.41,"07/06/2023, 10:01:23 PM","07/07/2023, 02:57:00 AM",MTL/USDT,,SHORT,10,1.337,0,2,1,4.669,100,50,2.335,0,2.335,closed,1.331,1.344,1.357,1.37,1.3,1.27,1.24,1.21,1.17,1.12,,,,,,1.41,23.291,45.83,68.37,90.909,120.962,158.527,,,,,,-59.354
CFX/USDT:SHORT:0.204,"07/07/2023, 12:37:05 PM","07/12/2023, 04:22:00 AM",CFX/USDT,,SHORT,10,0.188,0,3,3,19.084,100,75,14.313,0,14.313,closed,0.185,0.188,0.192,0.195,0.18,0.176,0.172,0.168,0.162,0.156,0.15,0.144,0.136,0.13,,0.204,24.39,46.07,67.751,89.431,121.951,154.472,186.992,219.512,262.873,295.393,,-105.691
RLC/USDT:SHORT:1.32,"07/07/2023, 10:06:10 PM","07/13/2023, 11:37:00 AM",RLC/USDT,,SHORT,10,1.242,0,2,2,15.307,100,50,7.654,0,7.654,closed,1.235,1.25,1.265,1.28,1.2,1.17,1.14,1.11,1.06,1,,,,,,1.32,27.947,52.248,76.549,100.851,141.353,189.955,,,,,,-69.259
LINA/USDT:LONG:0.0124,"07/08/2023, 07:48:50 AM","07/08/2023, 09:11:00 PM",LINA/USDT,,LONG,10,0.013,0,2,1,3.46,100,50,1.73,0,1.73,closed,0.013,0.013,0.013,0.013,0.013,0.014,0.014,0.014,0.015,0.015,0.016,,,,,0.012,19.787,42.618,65.449,88.28,126.332,156.773,217.656,,,,,-56.317
AVAX/USDT:LONG:12.6,"07/08/2023, 10:26:37 AM","07/09/2023, 11:06:00 PM",AVAX/USDT,,LONG,10,13.66,0,1,2,8.157,100,25,2.039,0,2.039,closed,13.66,13.44,13.22,13,13.9,14.2,14.5,14.8,15.3,15.6,16,,,,,12.6,17.57,39.531,61.493,83.455,120.059,142.02,171.303,,,,,-77.599
KLAY/USDT:SHORT:0.172,"07/10/2023, 01:19:50 PM","07/13/2023, 06:16:00 PM",KLAY/USDT,,SHORT,10,0.164,0,4,0,-48.867,100,100,-48.867,0,-48.867,closed,0.162,0.163,0.165,0.166,0.158,0.154,0.15,0.146,0.14,0.134,0.13,,,,,0.172,24.691,49.383,74.074,98.765,135.802,172.84,197.531,,,,,-61.728
BNB/USDT:LONG:238,"07/11/2023, 07:35:18 PM","07/14/2023, 08:30:00 PM",BNB/USDT,,LONG,10,245.326,0,3,2,11.267,100,75,8.45,0,8.45,closed,247,245.333,243.667,242,252,258,264,270,280,290,300,,,,,238,20.243,44.534,68.826,93.117,133.603,174.089,214.575,,,,,-36.437
IOST/USDT:LONG:0.0078,"07/12/2023, 10:14:53 AM","07/24/2023, 11:51:00 AM",IOST/USDT,,LONG,10,0.009,0,1,4,27.714,100,25,6.928,0,6.928,closed,0.009,0.009,0.008,0.008,0.009,0.009,0.009,0.01,0.01,0.01,0.011,0.011,0.012,,,0.008,27.714,50.808,73.903,96.998,143.187,189.376,247.113,293.303,385.681,,,-99.307
NKN/USDT:LONG:0.0975,"07/13/2023, 01:15:34 PM","07/14/2023, 08:30:00 PM",NKN/USDT,,LONG,10,0.1,0,2,3,20.716,100,50,10.358,0,10.358,closed,0.1,0.1,0.099,0.099,0.103,0.105,0.107,0.109,0.113,0.117,0.12,,,,,0.098,22.954,47.904,67.864,87.824,127.745,167.665,197.605,,,,,-26.946
AUDIO/USDT:LONG:0.18,"07/13/2023, 10:07:33 PM","07/14/2023, 08:20:00 PM",AUDIO/USDT,,LONG,10,0.194,0,2,2,11.397,100,50,5.698,0,5.698,closed,0.196,0.192,0.189,0.185,0.2,0.206,0.212,0.218,0.23,0.24,0.25,0.26,,,,0.18,20.408,51.02,81.633,112.245,173.469,224.49,275.51,326.531,,,,-81.633
DEFI/USDT:LONG:480,"07/13/2023, 10:22:08 PM","07/14/2023, 08:21:00 PM",DEFI/USDT,,LONG,10,514.151,0,2,2,10.138,100,50,5.069,0,5.069,closed,517,511.333,505.667,500,530,540,555,565,590,615,635,660,,,,480,25.145,44.487,73.501,92.843,141.199,189.555,228.24,276.596,,,,-71.567
AXS/USDT:LONG:5.8,"07/14/2023, 02:10:22 PM","07/14/2023, 06:30:00 PM",AXS/USDT,,LONG,10,6.6,0,1,1,2.525,100,25,0.631,0,0.631,closed,6.6,6.433,6.267,6.1,6.75,6.9,7.05,7.2,7.5,7.8,8.1,8.5,9,,,5.8,22.727,45.455,68.182,90.909,136.364,181.818,227.273,287.879,363.636,,,-121.212
ATOM/USDT:LONG:9.1,"07/14/2023, 02:30:52 PM","07/18/2023, 06:48:00 PM",ATOM/USDT,,LONG,10,9.742,0,4,0,-65.86,100,100,-65.86,0,-65.86,closed,9.99,9.827,9.663,9.5,10.2,10.5,10.8,11.1,11.6,12.2,13,,,,,9.1,21.021,51.051,81.081,111.111,161.161,221.221,301.301,,,,,-89.089
PEOPLE/USDT:LONG:0.0125,"07/15/2023, 11:41:00 AM","07/24/2023, 11:51:00 AM",PEOPLE/USDT,,LONG,10,0.014,0,4,0,-101.869,100,100,-101.869,0,-101.869,closed,0.014,0.014,0.014,0.014,0.015,0.015,0.015,0.016,0.016,0.017,0.018,0.019,0.02,,,0.013,17.422,38.328,59.233,87.108,142.857,198.606,254.355,310.105,393.728,,,-128.92
SOL/USDT:SHORT:27,"07/17/2023, 08:06:09 PM","07/18/2023, 02:28:00 AM",SOL/USDT,,SHORT,10,26.389,0,4,0,-23.151,100,100,-23.151,0,-23.151,closed,26.18,26.32,26.46,26.6,25.4,24.8,24.2,23.6,22.5,21,,,,,,27,29.794,52.712,75.63,98.549,140.565,197.861,,,,,,-31.322
SNX/USDT:SHORT:2.65,"07/17/2023, 08:35:20 PM","07/17/2023, 11:45:00 PM",SNX/USDT,,SHORT,10,2.57,0,4,0,-31.206,100,100,-31.206,0,-31.206,closed,2.54,2.56,2.58,2.6,2.48,2.42,2.36,2.3,2.22,2.16,2.1,,,,,2.65,23.622,47.244,70.866,94.488,125.984,149.606,173.228,,,,,-43.307
APT/USDT:LONG:6.8,"07/18/2023, 01:34:45 PM",,APT/USDT,,LONG,10,7.379,0,4,0,-51.483,100,100,0,-51.483,-51.483,open,7.67,7.48,7.29,7.1,7.8,7.95,8.15,8.35,8.7,9.1,9.5,10,10.6,11.2,12,6.8,16.949,36.506,62.581,88.657,134.289,186.441,238.592,303.781,382.008,460.235,564.537,-113.429
LPT/USDT:SHORT:4.5,"07/18/2023, 02:26:23 PM","07/27/2023, 10:48:00 AM",LPT/USDT,,SHORT,10,4.23,0,1,3,15.957,100,25,3.989,0,3.989,closed,4.23,4.287,4.343,4.4,4.15,4.05,3.95,3.85,3.65,3.45,3.25,3,,,,4.5,18.913,42.553,66.194,89.835,137.116,184.397,231.678,290.78,,,,-63.83
XRP/USDT:LONG:0.73,"07/18/2023, 03:10:49 PM","07/22/2023, 08:23:00 PM",XRP/USDT,,LONG,10,0.751,0,3,4,39.478,100,75,29.608,0,29.608,closed,0.756,0.751,0.745,0.74,0.775,0.795,0.81,0.83,0.86,0.89,0.92,,,,,0.73,25.132,51.587,71.429,97.884,137.566,177.249,216.931,,,,,-34.392
1000XEC/USDT:LONG:0.029,"07/19/2023, 03:36:23 PM","07/21/2023, 12:05:00 PM",1000XEC/USDT,,LONG,10,0.031,0,2,4,30.253,100,50,15.126,0,15.126,closed,0.032,0.031,0.031,0.03,0.032,0.033,0.034,0.035,0.036,0.038,0.039,0.041,0.044,,,0.029,22.222,47.619,73.016,95.238,142.857,190.476,238.095,301.587,396.825,,,-79.365
STMX/USDT:LONG:0.004,"07/19/2023, 10:02:47 PM","07/22/2023, 03:43:00 AM",STMX/USDT,,LONG,10,0.005,0,2,10,222.003,100,50,111.001,0,111.001,closed,0.005,0.005,0.005,0.004,0.005,0.005,0.005,0.005,0.006,0.006,0.006,0.006,0.007,0.007,,0.004,37.5,62.5,83.333,104.167,156.25,208.333,250,312.5,375,458.333,,-166.667
NEO/USDT:LONG:8.8,"07/22/2023, 02:30:47 PM","07/24/2023, 11:50:00 AM",NEO/USDT,,LONG,10,9.168,0,4,0,-40.166,100,100,-40.166,0,-40.166,closed,9.34,9.227,9.113,9,9.5,9.7,9.9,10.1,10.5,10.9,11.2,11.5,,,,8.8,17.131,38.544,59.957,81.37,124.197,167.024,199.143,231.263,,,,-57.816
ZEN/USDT:LONG:8.1,"07/22/2023, 02:50:34 PM","07/24/2023, 10:16:00 PM",ZEN/USDT,,LONG,10,8.51,0,1,4,38.386,100,25,9.597,0,9.597,closed,8.51,8.407,8.303,8.2,8.7,8.9,9.1,9.3,9.7,10.2,,,,,,8.1,22.327,45.828,69.33,92.832,139.835,198.59,,,,,,-48.179
ALICE/USDT:SHORT:1.08,"07/22/2023, 03:16:02 PM","07/23/2023, 04:27:00 AM",ALICE/USDT,,SHORT,10,1,0,1,1,2.222,100,25,0.556,0,0.556,closed,1,1.013,1.027,1.04,0.98,0.96,0.94,0.92,0.88,0.85,0.81,0.78,0.75,,,1.08,20,40,60,80,120,150,190,220,250,,,-80
TLM/USDT:SHORT:0.012,"07/23/2023, 12:37:08 PM","07/24/2023, 07:00:00 AM",TLM/USDT,,SHORT,10,0.011,0,2,1,2.625,100,50,1.312,0,1.312,closed,0.011,0.011,0.011,0.012,0.011,0.011,0.01,0.01,0.01,0.009,0.009,0.009,,,,0.012,13.636,36.364,54.545,77.273,118.182,154.545,190.909,227.273,,,,-90.909
BLZ/USDT:SHORT:0.0615,"07/23/2023, 12:58:22 PM",,BLZ/USDT,,SHORT,10,0.058,0,2,3,73.32,100,50,10.541,26.119,36.66,open,0.057,0.058,0.059,0.06,0.056,0.055,0.053,0.052,0.049,0.047,0.045,0.042,,,,0.062,22.688,48.866,75.044,101.222,144.852,179.756,223.386,267.016,,,,-73.298
OCEAN/USDT:SHORT:0.38,"07/24/2023, 12:07:10 PM",,OCEAN/USDT,,SHORT,10,0.354,0,2,0,16.204,100,50,0,8.102,8.102,open,0.351,0.357,0.364,0.37,0.34,0.33,0.32,0.31,0.295,0.28,0.27,0.26,,,,0.38,31.339,59.829,88.319,116.809,159.544,202.279,230.769,259.259,,,,-82.621
RVN/USDT:SHORT:0.0195,"07/24/2023, 03:16:00 PM","07/24/2023, 05:09:00 PM",RVN/USDT,,SHORT,10,0,0,0,0,0,100,0,0,0,0,closed,0.019,0.019,0.019,0.019,0.018,0.018,0.018,0.017,0.016,0.016,0.015,,,,,0.02,21.277,42.553,63.83,85.106,127.66,159.574,202.128,,,,,-37.234
MANA/USDT:SHORT:0.42,"07/25/2023, 01:48:06 PM",,MANA/USDT,,SHORT,10,0.39,0,3,0,18.3,100,75,0,13.725,13.725,open,0.383,0.39,0.398,0.405,0.374,0.366,0.358,0.35,0.335,0.32,0.31,,,,,0.42,23.499,44.386,65.274,86.162,125.326,164.491,190.601,,,,,-96.606
IMX/USDT:SHORT:0.76,"07/25/2023, 02:00:01 PM","07/28/2023, 04:30:00 AM",IMX/USDT,,SHORT,10,0.721,0,4,0,-54.122,100,100,-54.122,0,-54.122,closed,0.703,0.715,0.728,0.74,0.69,0.675,0.66,0.645,0.62,0.59,0.57,0.55,,,,0.76,17.794,39.146,60.498,81.851,117.438,160.142,188.612,217.082,,,,-81.851
EOS/USDT:SHORT:0.79,"07/25/2023, 02:11:25 PM",,EOS/USDT,,SHORT,10,0.755,0,4,0,11.704,100,100,0,11.704,11.704,open,0.74,0.75,0.76,0.77,0.725,0.71,0.695,0.68,0.65,0.625,0.6,,,,,0.79,20.27,40.541,60.811,81.081,121.622,155.405,189.189,,,,,-67.568
LINA/USDT:SHORT:0.013,"07/27/2023, 08:51:56 PM","07/28/2023, 03:02:00 PM",LINA/USDT,,SHORT,10,0.013,0,4,0,-35.939,100,100,-35.939,0,-35.939,closed,0.012,0.012,0.013,0.013,0.012,0.012,0.012,0.011,0.011,0.01,0.01,0.009,,,,0.013,24.194,48.387,72.581,96.774,145.161,193.548,233.871,274.194,,,,-48.387
ARPA/USDT:LONG:0.0475,"07/28/2023, 12:38:34 PM","07/29/2023, 01:35:00 PM",ARPA/USDT,,LONG,10,0.051,0,1,3,14.822,100,25,3.706,0,3.706,closed,0.051,0.05,0.05,0.049,0.052,0.053,0.054,0.055,0.057,0.06,0.062,0.064,,,,0.048,19.763,39.526,59.289,83.004,126.482,175.889,215.415,264.822,,,,-61.265
LTC/USDT:LONG:88.5,"07/28/2023, 03:01:27 PM","07/30/2023, 10:03:00 PM",LTC/USDT,,LONG,10,91.083,0,2,2,8.007,100,50,4.003,0,4.003,closed,91.3,90.867,90.433,90,93,95,97,99,103,107,109,112,,,,88.5,18.62,40.526,62.432,84.337,128.149,171.961,193.866,226.725,,,,-30.668
